"TIME";"Date";"Hour";"Irr_vol_m3";"Irr_deficit_m3";"Soil_moisture"
2024-10-21 07:00:00;"2024-10-21";7;79.765853826332;79.765853826332;0.141709852908936
2024-10-21 08:00:00;"2024-10-21";8;83.0858517170241;83.0858517170241;10
2024-10-21 09:00:00;"2024-10-21";9;83.0861587322348;83.0861587322348;10.0003293413858
2024-10-21 10:00:00;"2024-10-21";10;83.0861587679071;83.0861587679071;10.0003293796528
2024-10-21 11:00:00;"2024-10-21";11;83.0861588043022;83.0861588043022;10.0003294186951
2024-10-21 12:00:00;"2024-10-21";12;83.0861588413716;83.0861588413716;10.0003294584608
2024-10-21 13:00:00;"2024-10-21";13;83.0861588790673;83.0861588790673;10.0003294988984
2024-10-21 14:00:00;"2024-10-21";14;83.0861589173415;83.0861589173415;10.0003295399564
2024-10-21 15:00:00;"2024-10-21";15;83.0861589346314;83.0861589346314;10.0003295585039
2024-10-21 16:00:00;"2024-10-21";16;83.0861589520901;83.0861589520901;10.0003295772324
2024-10-21 17:00:00;"2024-10-21";17;63.8299041737921;63.8299041737921;10.0003295961439
2024-10-21 18:00:00;"2024-10-21";18;47.1205197910337;47.1205197910337;14.1708860177851
2024-10-21 19:00:00;"2024-10-21";19;29.1974806588624;20.4382364612036;18.1821290636712
2024-10-21 20:00:00;"2024-10-21";20;10.5913668761364;7.4139568132955;22.0844746230627
2024-10-21 21:00:00;"2024-10-21";21;10.7824589238295;7.54772124668066;25.9000725120699
2024-10-21 22:00:00;"2024-10-21";22;10.7824592946507;7.54772150625552;25.9000804508717
2024-10-21 23:00:00;"2024-10-21";23;10.7824603397529;7.54772223782706;25.9001028251666
2024-10-21 00:00:00;"2024-10-21";0;10.7824620590592;7.54772344134146;25.9001396333418
2024-10-21 01:00:00;"2024-10-21";1;10.1729030202218;7.12103211415527;25.900190881632
2024-10-22 02:00:00;"2024-10-22";2;10.2933239730897;7.20532678116282;26.0189379023845
2024-10-22 03:00:00;"2024-10-22";3;10.3083665664917;7.21585659654422;26.0143431766008
2024-10-22 04:00:00;"2024-10-22";4;10.3537985734306;7.24765900140141;26.007454545414
2024-10-22 05:00:00;"2024-10-22";5;10.4142090852275;7.28994635965926;25.9946842997966
2024-10-22 06:00:00;"2024-10-22";6;10.504967750333;7.3534774252331;25.9789665544486
2024-10-22 07:00:00;"2024-10-22";7;10.5653237428402;7.39572661998813;25.9653628096349
2024-10-22 08:00:00;"2024-10-22";8;10.6408884022457;7.44862188157197;25.9511871137546
2024-10-22 09:00:00;"2024-10-22";9;10.7163857859522;7.50147005016657;25.9357685582621
2024-10-22 10:00:00;"2024-10-22";10;10.7918762899469;7.5543134029628;25.9204284335862
2024-10-22 11:00:00;"2024-10-22";11;10.8825995892952;7.61781971250666;25.9051717432952
2024-10-22 12:00:00;"2024-10-22";12;10.9731750649578;7.68122254547046;25.887068752775
2024-10-22 13:00:00;"2024-10-22";13;11.063740148355;7.74461810384847;25.8690593250579
2024-10-22 14:00:00;"2024-10-22";14;11.1542951922619;7.80800663458331;25.8511485654115
2024-10-22 15:00:00;"2024-10-22";15;11.2297642862946;7.86083500040622;25.8365883623309
2024-10-22 16:00:00;"2024-10-22";16;11.2901293104633;7.90309051732433;25.8248778194783
2024-10-22 17:00:00;"2024-10-22";17;11.3353950821464;7.93477655750251;25.8160182714504
2024-10-22 18:00:00;"2024-10-22";18;11.3806203329731;7.96643423308118;25.8064135970649
2024-10-22 19:00:00;"2024-10-22";19;11.4108732069068;7.98761124483476;25.8021247589948
2024-10-22 20:00:00;"2024-10-22";20;11.410801487314;7.9875610411198;25.8006794165719
2024-10-22 21:00:00;"2024-10-22";21;11.4108057220815;7.98756400545704;25.800764756514
2024-10-22 22:00:00;"2024-10-22";22;11.4108097290325;7.98756681032276;25.8008455056806
2024-10-22 23:00:00;"2024-10-22";23;11.4108135073094;7.98756945511655;25.8009216467483
2024-10-22 00:00:00;"2024-10-22";0;11.4108170560457;7.987571939232;25.8009931622229
2024-10-22 01:00:00;"2024-10-22";1;11.4108203743666;7.98757426205665;25.8010600344381
2024-10-23 02:00:00;"2024-10-23";2;11.5411458296066;8.07880208072465;25.8011222455538
2024-10-23 03:00:00;"2024-10-23";3;11.6164666949872;8.13152668649102;25.7844689722018
2024-10-23 04:00:00;"2024-10-23";4;11.782456071423;8.24771924999611;25.7541437750747
2024-10-23 05:00:00;"2024-10-23";5;12.0236031662623;8.4165222163836;25.7060315136732
2024-10-23 06:00:00;"2024-10-23";6;12.355176898306;8.64862382881422;25.6430299762936
2024-10-23 07:00:00;"2024-10-23";7;12.5961519382238;8.81730635675664;25.5963250664526
2024-10-23 08:00:00;"2024-10-23";8;12.8973206740605;9.02812447184237;25.5396390529968
2024-10-23 09:00:00;"2024-10-23";9;13.1832269667555;9.22825887672883;25.484792029646
2024-10-23 10:00:00;"2024-10-23";10;13.4539523237484;9.41776662662391;25.4328505642723
2024-10-23 11:00:00;"2024-10-23";11;13.6943136329631;9.58601954307414;25.3838147185311
2024-10-23 12:00:00;"2024-10-23";12;13.9197210945019;9.74380476615133;25.3405876446164
2024-10-23 13:00:00;"2024-10-23";13;14.1300204883454;9.89101434184181;25.3002660606829
2024-10-23 14:00:00;"2024-10-23";14;14.3252287713242;10.0276601399269;25.2628499193345
2024-10-23 15:00:00;"2024-10-23";15;14.4903894881351;10.1432726416946;25.2317829379022
2024-10-23 16:00:00;"2024-10-23";16;14.6254816312506;10.2378371418754;25.2063125794558
2024-10-23 17:00:00;"2024-10-23";17;0;0;25.1864429387129
2024-10-23 18:00:00;"2024-10-23";18;0;0;27.9793832699191
2024-10-23 19:00:00;"2024-10-23";19;0.0563648958495389;0.0394554270946772;27.9892280484436
2024-10-23 20:00:00;"2024-10-23";20;0.0563646667965009;0.0394552667575507;27.9882143274776
2024-10-23 21:00:00;"2024-10-23";21;0.0563646902565805;0.0394552831796064;27.9883181533493
2024-10-23 22:00:00;"2024-10-23";22;0.0563647121137413;0.0394552984796189;27.988414885587
2024-10-23 23:00:00;"2024-10-23";23;0.0563647324002348;0.0394553126801644;27.9885046668596
2024-10-23 00:00:00;"2024-10-23";0;0.0563647511487851;0.0394553258041496;27.9885876419347
2024-10-23 01:00:00;"2024-10-23";1;0.0563647683925826;0.0394553378748078;27.9886639576487
2024-10-24 02:00:00;"2024-10-24";2;0.0649049029782154;0.0454334320847508;27.9887337628726
2024-10-24 03:00:00;"2024-10-24";3;0.141757665725834;0.0992303660080839;27.9741207630518
2024-10-24 04:00:00;"2024-10-24";4;0.280068272853468;0.196047790997428;27.9463510923321
2024-10-24 05:00:00;"2024-10-24";5;0.495164000696655;0.346614800487658;27.9068063694883
2024-10-24 06:00:00;"2024-10-24";6;0.786968371167936;0.550877859817555;27.8526164388427
2024-10-24 07:00:00;"2024-10-24";7;1.00190264579696;0.701331852057873;27.8132439409683
2024-10-24 08:00:00;"2024-10-24";8;1.26279820746569;0.883958745225982;27.7646637549016
2024-10-24 09:00:00;"2024-10-24";9;1.50824182753232;1.05576927927262;27.7171148848149
2024-10-24 10:00:00;"2024-10-24";10;1.75360988069998;1.22752691648999;27.6723020639537
2024-10-24 11:00:00;"2024-10-24";11;1.99888709735188;1.39922096814631;27.6273521192563
2024-10-24 12:00:00;"2024-10-24";12;2.22872585527384;1.56010809869168;27.5822640266024
2024-10-24 13:00:00;"2024-10-24";13;2.45850695156172;1.72095486609321;27.5399089763755
2024-10-24 14:00:00;"2024-10-24";14;2.68820649287739;1.88174454501417;27.497413361239
2024-10-24 15:00:00;"2024-10-24";15;2.87189485421667;2.01032639795167;27.4622783665075
2024-10-24 16:00:00;"2024-10-24";16;3.00961866054754;2.10673306238328;27.4353192550605
2024-10-24 17:00:00;"2024-10-24";17;3.11674395462971;2.1817207682408;27.4165477658086
2024-10-24 18:00:00;"2024-10-24";18;3.22381842896886;2.2566729002782;27.39518747673
2024-10-24 19:00:00;"2024-10-24";19;3.28502676001323;2.29951873200926;27.3853172131623
2024-10-24 20:00:00;"2024-10-24";20;3.2850038350461;2.29950268453227;27.3836139461392
2024-10-24 21:00:00;"2024-10-24";21;3.28500635439847;2.29950444807893;27.3838011230428
2024-10-24 22:00:00;"2024-10-24";22;3.28500852001391;2.29950596400974;27.3839620197416
2024-10-24 23:00:00;"2024-10-24";23;3.28501034160506;2.29950723912354;27.3840973574401
2024-10-24 00:00:00;"2024-10-24";0;3.28501182897381;2.29950828028166;27.3842078640511
2024-10-24 01:00:00;"2024-10-24";1;3.28501299200582;2.29950909440407;27.3842942737846
2024-10-25 02:00:00;"2024-10-25";2;3.32420228378461;2.32694159864923;27.3843573267023
2024-10-25 03:00:00;"2024-10-25";3;3.40066814773885;2.38046770341719;27.3694926415536
2024-10-25 04:00:00;"2024-10-25";4;3.55358618902659;2.48751033231861;27.3407679606993
2024-10-25 05:00:00;"2024-10-25";5;3.78289025352435;2.64802317746705;27.297393155097
2024-10-25 06:00:00;"2024-10-25";6;4.10382223053599;2.87267556137519;27.2393697065073
2024-10-25 07:00:00;"2024-10-25";7;4.33293114426854;3.03305180098798;27.1960829398613
2024-10-25 08:00:00;"2024-10-25";8;4.60774991251049;3.22542493875735;27.1440281339449
2024-10-25 09:00:00;"2024-10-25";9;4.86720942369295;3.40704659658507;27.095805836083
2024-10-25 10:00:00;"2024-10-25";10;5.1113086817758;3.57791607724306;27.0503475020395
2024-10-25 11:00:00;"2024-10-25";11;5.34006477724824;3.73804534407377;27.0076518033955
2024-10-25 12:00:00;"2024-10-25";12;5.55349379566693;3.88744565696685;26.9677172759302
2024-10-25 13:00:00;"2024-10-25";13;5.76691669267643;4.0368416848735;26.9305424129966
2024-10-25 14:00:00;"2024-10-25";14;5.96496651721387;4.17547656204971;26.8932835595788
2024-10-25 15:00:00;"2024-10-25";15;6.11723162352283;4.28206213646598;26.8631334333862
2024-10-25 16:00:00;"2024-10-25";16;6.23907013029294;4.36734909120505;26.8411113609001
2024-10-25 17:00:00;"2024-10-25";17;6.33042840204744;4.43129988143321;26.8243853448238
2024-10-25 18:00:00;"2024-10-25";18;6.42173914508488;4.49521740155942;26.806378006608
2024-10-25 19:00:00;"2024-10-25";19;6.46740363871573;4.52718254710101;26.7979067939173
2024-10-25 20:00:00;"2024-10-25";20;6.46739403127078;4.52717582188954;26.7975519940889
2024-10-25 21:00:00;"2024-10-25";21;6.46738458071483;4.52716920650038;26.7972029921898
2024-10-25 22:00:00;"2024-10-25";22;6.48267098561084;4.53786968992758;26.7967993259351
2024-10-25 23:00:00;"2024-10-25";23;6.497878558248;4.5485149907736;26.7935002899509
2024-10-25 00:00:00;"2024-10-25";0;6.51308428320201;4.55915899824141;26.7901493719075
2024-10-25 01:00:00;"2024-10-25";1;6.52828818728078;4.56980173109654;26.786747936738
2024-10-26 02:00:00;"2024-10-26";2;6.61317421981366;4.62922195386956;26.7832973319142
2024-10-26 03:00:00;"2024-10-26";3;6.70448880278806;4.69314216195164;26.7667738760745
2024-10-26 04:00:00;"2024-10-26";4;6.87184887670982;4.81029421369687;26.735915364676
2024-10-26 05:00:00;"2024-10-26";5;7.11518621370474;4.98063034959332;26.6904929442408
2024-10-26 06:00:00;"2024-10-26";6;7.44969683891463;5.21478778724024;26.6305136386968
2024-10-26 07:00:00;"2024-10-26";7;7.70801166598826;5.39560816619178;26.5825772322862
2024-10-26 08:00:00;"2024-10-26";8;8.01173929404849;5.60821750583394;26.5251680015622
2024-10-26 09:00:00;"2024-10-26";9;8.30013627537601;5.81009539276321;26.4705344597893
2024-10-26 10:00:00;"2024-10-26";10;8.58850270375568;6.01195189262898;26.4188451889418
2024-10-26 11:00:00;"2024-10-26";11;8.86147383804492;6.20303168663145;26.3672886458388
2024-10-26 12:00:00;"2024-10-26";12;9.1191692586424;6.38341848104968;26.3186780880223
2024-10-26 13:00:00;"2024-10-26";13;9.37687201565882;6.56381041096117;26.2730141631978
2024-10-26 14:00:00;"2024-10-26";14;9.6192157776689;6.73345104436823;26.2274849136404
2024-10-26 15:00:00;"2024-10-26";15;9.81604961604528;6.8712347312317;26.1905324139774
2024-10-26 16:00:00;"2024-10-26";16;9.96739535883682;6.97717675118577;26.1616196698898
2024-10-26 17:00:00;"2024-10-26";17;0;0;26.1407450854718
2024-10-26 18:00:00;"2024-10-26";18;0;0;27.9768250560317
2024-10-26 19:00:00;"2024-10-26";19;0;0;27.9874670639166
2024-10-26 20:00:00;"2024-10-26";20;0;0;27.997545192067
2024-10-26 21:00:00;"2024-10-26";21;0.0204970179228581;0.0143479125460007;27.9976533641648
2024-10-26 22:00:00;"2024-10-26";22;0.0358692574402128;0.0251084802081489;27.9940088143408
2024-10-26 23:00:00;"2024-10-26";23;0.0512412397973955;0.0358688678581768;27.9912990587607
2024-10-26 00:00:00;"2024-10-26";0;0.0666128874469025;0.0466290212128317;27.9885866143477
2024-10-26 01:00:00;"2024-10-26";1;0.0819841998541821;0.0573889398979274;27.9858714988033
2024-10-27 02:00:00;"2024-10-27";2;0.0905232342794;0.06336626399558;27.9831537306274
2024-10-27 02:00:00;"2024-10-27";2;0.167373090626113;0.117161163438279;27.9690113331651
2024-10-27 03:00:00;"2024-10-27";3;0.321048084683736;0.224733659278615;27.9418602010514
2024-10-27 04:00:00;"2024-10-27";4;0.551495794409761;0.386047056086833;27.9002881946994
2024-10-27 05:00:00;"2024-10-27";5;0.858637379488303;0.601046165641812;27.8443027642869
2024-10-27 06:00:00;"2024-10-27";6;1.24236681966392;0.869656773764744;27.773911680799
2024-10-27 07:00:00;"2024-10-27";7;1.51851980002652;1.06296386001856;27.7237916887303
2024-10-27 08:00:00;"2024-10-27";8;1.85590065715164;1.29913046000615;27.6643305336122
2024-10-27 09:00:00;"2024-10-27";9;2.17777220154832;1.52444054108383;27.605192185809
2024-10-27 10:00:00;"2024-10-27";10;2.48417091502101;1.73891964051471;27.5488067109716
2024-10-27 11:00:00;"2024-10-27";11;2.77511739213137;1.94258217449196;27.4951710650018
2024-10-27 12:00:00;"2024-10-27";12;3.06596964849247;2.14617875394473;27.4442820291758
2024-10-27 13:00:00;"2024-10-27";13;3.34136386718945;2.33895470703261;27.3933528966405
2024-10-27 14:00:00;"2024-10-27";14;3.6013502959415;2.52094520715905;27.3451639873412
2024-10-27 15:00:00;"2024-10-27";15;3.81540987132275;2.67078690992592;27.3074770484376
2024-10-27 16:00:00;"2024-10-27";16;3.98354422674043;2.7884809587183;27.2773665477759
2024-10-27 17:00:00;"2024-10-27";17;4.10578686762508;2.87405080733755;27.2548552030037
2024-10-27 18:00:00;"2024-10-27";18;4.22801176412879;2.95960823489015;27.2326458183511
2024-10-27 19:00:00;"2024-10-27";19;4.28910208008114;3.0023714560568;27.2207709959686
2024-10-27 20:00:00;"2024-10-27";20;4.30439907463635;3.01307935224544;27.219231867178
2024-10-27 21:00:00;"2024-10-27";21;4.31967564377236;3.02377295064065;27.2165567220769
2024-10-27 22:00:00;"2024-10-27";22;4.33495185303697;3.03446629712588;27.2138805855451
2024-10-27 23:00:00;"2024-10-27";23;4.33490400269598;3.03443280188719;27.211203394211
2024-10-27 00:00:00;"2024-10-27";0;4.33490588297485;3.0344341180824;27.2113085900153
2024-10-28 01:00:00;"2024-10-28";1;4.3893920499738;3.07257443498166;27.2114126048479
2024-10-28 02:00:00;"2024-10-28";2;4.38936176173361;3.07255323321353;27.2097391421262
2024-10-28 03:00:00;"2024-10-28";3;4.46574214851451;3.12601950396016;27.1968374312459
2024-10-28 04:00:00;"2024-10-28";4;4.61845045237173;3.23291531666021;27.1695817677581
2024-10-28 05:00:00;"2024-10-28";5;4.84743320366657;3.3932032425666;27.1279922802428
2024-10-28 06:00:00;"2024-10-28";6;5.15260917359317;3.60682642151522;27.0720897716576
2024-10-28 07:00:00;"2024-10-28";7;5.38142840608902;3.76699988426231;27.0315870405414
2024-10-28 08:00:00;"2024-10-28";8;5.65586687430477;3.95910681201334;26.9812375549449
2024-10-28 09:00:00;"2024-10-28";9;5.93024547192887;4.15117183035021;26.9332148437738
2024-10-28 10:00:00;"2024-10-28";10;6.18921043026285;4.33244730118399;26.8852487505117
2024-10-28 11:00:00;"2024-10-28";11;6.4481450202829;4.51370151419803;26.8400926031119
2024-10-28 12:00:00;"2024-10-28";12;6.69168386394564;4.68417870476195;26.794989470449
2024-10-28 13:00:00;"2024-10-28";13;6.91991548797123;4.84394084157986;26.7526926403777
2024-10-28 14:00:00;"2024-10-28";14;7.14814820028996;5.00370374020297;26.7132003184651
2024-10-28 15:00:00;"2024-10-28";15;7.33058364107408;5.13140854875186;26.678530488236
2024-10-28 16:00:00;"2024-10-28";16;7.48264588400453;5.23785211880317;26.6520045036246
2024-10-28 17:00:00;"2024-10-28";17;7.60427260727339;5.32299082509137;26.6308474548631
2024-10-28 18:00:00;"2024-10-28";18;7.72578666297665;5.40805066408365;26.6069158890273
2024-10-28 19:00:00;"2024-10-28";19;7.78653809587941;5.45057666711558;26.595068580545
2024-10-28 20:00:00;"2024-10-28";20;7.80178252267036;5.46124776586925;26.5938550196952
2024-10-28 21:00:00;"2024-10-28";21;7.81698189109279;5.47188732376495;26.5912801213894
2024-10-28 22:00:00;"2024-10-28";22;7.83218230225457;5.4825276115782;26.588747042486
2024-10-28 23:00:00;"2024-10-28";23;7.84738374110771;5.4931686187754;26.5862550750023
2024-10-28 00:00:00;"2024-10-28";0;7.86258619249593;5.50381033474715;26.5838035135171
2024-10-29 01:00:00;"2024-10-29";1;7.94741442565686;5.5631900979598;26.5813916552605
2024-10-29 02:00:00;"2024-10-29";2;7.94739883266711;5.56317918286698;26.5809268350325
2024-10-29 03:00:00;"2024-10-29";3;8.03861085887514;5.6270276012126;26.5665277796864
2024-10-29 04:00:00;"2024-10-29";4;8.20563831186316;5.74394681830421;26.5353731778736
2024-10-29 05:00:00;"2024-10-29";5;8.46378888979939;5.92465222285957;26.4901982953912
2024-10-29 06:00:00;"2024-10-29";6;8.79758594934516;6.15831016454161;26.4282840036522
2024-10-29 07:00:00;"2024-10-29";7;9.04028034812925;6.32819624369047;26.3844738503223
2024-10-29 08:00:00;"2024-10-29";8;9.34358436127645;6.54050905289351;26.3314078863
2024-10-29 09:00:00;"2024-10-29";9;9.63152247245394;6.74206573071776;26.2793099057281
2024-10-29 10:00:00;"2024-10-29";10;9.90418497520804;6.93292948264563;26.229989620243
2024-10-29 11:00:00;"2024-10-29";11;10.1615915694849;7.11311409863941;26.1834467810936
2024-10-29 12:00:00;"2024-10-29";12;10.4037609239273;7.28263264674912;26.1396810484901
2024-10-29 13:00:00;"2024-10-29";13;10.6307106673817;7.44149746716721;26.0986920931427
2024-10-29 14:00:00;"2024-10-29";14;10.8424573767154;7.58972016370077;26.0604795903234
2024-10-29 15:00:00;"2024-10-29";15;11.0087399224458;7.70611794571205;26.0296343181772
2024-10-29 16:00:00;"2024-10-29";16;11.1448585795585;7.80140100569093;26.0065521986322
2024-10-29 17:00:00;"2024-10-29";17;11.250705014351;7.87549351004571;25.9885143042225
2024-10-29 18:00:00;"2024-10-29";18;11.356412563305;7.94948879431351;25.9679955420464
2024-10-29 19:00:00;"2024-10-29";19;11.416914717554;7.99184030228777;25.9584316883711
2024-10-29 20:00:00;"2024-10-29";20;11.4168225984613;7.99177581892288;25.9565649965491
2024-10-29 21:00:00;"2024-10-29";21;11.416825226126;7.99177765828818;25.9566182416254
2024-10-29 22:00:00;"2024-10-29";22;11.416827893099;7.99177952516931;25.9566722833163
2024-10-29 23:00:00;"2024-10-29";23;11.416830599363;7.99178141955413;25.9567271212742
2024-10-29 00:00:00;"2024-10-29";0;11.4168333449007;7.99178334143047;25.9567827551519
2024-10-30 01:00:00;"2024-10-30";1;11.5320037393696;8.07240261755871;25.9568391846023
2024-10-30 02:00:00;"2024-10-30";2;11.5320077000068;8.07240539000473;25.9569186393446
2024-10-30 03:00:00;"2024-10-30";3;11.6075527860492;8.12528695023445;25.9435928936115
2024-10-30 04:00:00;"2024-10-30";4;11.7585946790185;8.23101627531296;25.9165287666601
2024-10-30 05:00:00;"2024-10-30";5;11.9850772514518;8.38955407601626;25.8757229578535
2024-10-30 06:00:00;"2024-10-30";6;12.2869159262125;8.60084114834872;25.8211724574905
2024-10-30 07:00:00;"2024-10-30";7;12.5133209943452;8.75932469604161;25.7825441503229
2024-10-30 08:00:00;"2024-10-30";8;12.784759297912;8.94933150853838;25.7336304537553
2024-10-30 09:00:00;"2024-10-30";9;13.0409351630914;9.12865461416398;25.6861884428309
2024-10-30 10:00:00;"2024-10-30";10;13.2971577564972;9.30801042954804;25.641469223349
2024-10-30 11:00:00;"2024-10-30";11;13.5532763360487;9.48729343523408;25.5967716747056
2024-10-30 12:00:00;"2024-10-30";12;13.794074744898;9.65585232142863;25.5520946434203
2024-10-30 13:00:00;"2024-10-30";13;14.0349413051359;9.82445891359514;25.5101369921944
2024-10-30 14:00:00;"2024-10-30";14;14.2605050897982;9.98235356285876;25.4681976002844
2024-10-30 15:00:00;"2024-10-30";15;14.4409195055801;10.1086436539061;25.4350676522555
2024-10-30 16:00:00;"2024-10-30";16;14.5913687359919;10.2139581151943;25.4097329162374
2024-10-30 17:00:00;"2024-10-30";17;14.6964995723475;10.2875497006433;25.3894960336601
2024-10-30 18:00:00;"2024-10-30";18;14.8167825762899;10.3717478034029;25.3687780275036
2024-10-30 19:00:00;"2024-10-30";19;14.8768566054425;10.4137996238097;25.357526557488
2024-10-30 20:00:00;"2024-10-30";20;14.8768012514791;10.4137608760354;25.3566856558779
2024-10-30 21:00:00;"2024-10-30";21;14.8768112303121;10.4137678612184;25.3568372460253
2024-10-30 22:00:00;"2024-10-30";22;14.87682080173;10.413774561211;25.3569826478169
2024-10-30 23:00:00;"2024-10-30";23;14.8768299703572;10.41378097925;25.3571219314091
2024-10-30 00:00:00;"2024-10-30";0;14.8768387408611;10.4137871186028;25.3572551676173
2024-10-31 01:00:00;"2024-10-31";1;15.0221189303903;10.5154832512732;25.3573824279119
2024-10-31 02:00:00;"2024-10-31";2;15.0221675234906;10.5155172664435;25.3581135005578
2024-10-31 03:00:00;"2024-10-31";3;15.0822181985339;10.5575527389737;25.3467130402034
2024-10-31 04:00:00;"2024-10-31";4;15.2175320095156;10.6522724066609;25.3243745459485
2024-10-31 05:00:00;"2024-10-31";5;15.4126832321306;10.7888782624914;25.2884201146302
2024-10-31 06:00:00;"2024-10-31";6;15.6829842931004;10.9780890051703;25.2415186615696
2024-10-31 07:00:00;"2024-10-31";7;15.8780176035626;11.1146123224938;25.2060909642524
2024-10-31 08:00:00;"2024-10-31";8;16.1180669639394;11.2826468747576;25.1638537443927
2024-10-31 09:00:00;"2024-10-31";9;16.3428661533032;11.4400063073122;25.1220663253494
2024-10-31 10:00:00;"2024-10-31";10;16.5677750718844;11.5974425503191;25.0829675316537
2024-10-31 11:00:00;"2024-10-31";11;16.7926014173708;11.7548209921596;25.0438834487638
2024-10-31 12:00:00;"2024-10-31";12;17.0021660161947;11.9015162113363;25.0048134714901
2024-10-31 13:00:00;"2024-10-31";13;17.2118597879933;12.0483018515953;24.9684302749525
2024-10-31 14:00:00;"2024-10-31";14;17.4214814575293;12.1950370202705;24.9320600106227
2024-10-31 15:00:00;"2024-10-31";15;17.5859565474568;12.3101695832197;24.9012585926517
2024-10-31 16:00:00;"2024-10-31";16;17.7206563501523;12.4044594451066;24.8781309355639
2024-10-31 17:00:00;"2024-10-31";17;17.8102223826862;12.4671556678804;24.860010689839
2024-10-31 18:00:00;"2024-10-31";18;17.915026400202;12.5405184801414;24.8429526245229
2024-10-31 19:00:00;"2024-10-31";19;17.9748788828511;12.5824152179958;24.83286278436
2024-10-31 20:00:00;"2024-10-31";20;17.9898461782029;12.592892324742;24.8304028788311
2024-10-31 21:00:00;"2024-10-31";21;17.9896443781579;12.5927510647105;24.8279205149464
2024-10-31 22:00:00;"2024-10-31";22;17.9896598008092;12.5927618605665;24.8281102228501
2024-10-31 23:00:00;"2024-10-31";23;17.9896751175886;12.592772582312;24.8282986297378
2024-10-31 00:00:00;"2024-10-31";0;17.989690319937;12.5927832239559;24.8284856303024
2024-11-01 01:00:00;"2024-11-01";1;18.1649681029751;12.7154776720826;24.8286711195197
2024-11-01 02:00:00;"2024-11-01";2;18.1650237086117;12.7155165960282;24.8293485271061
2024-11-01 03:00:00;"2024-11-01";3;18.2548249345035;12.7783774541524;24.8147959885429
2024-11-01 04:00:00;"2024-11-01";4;18.4190708972302;12.8933496280611;24.7838360807868
2024-11-01 05:00:00;"2024-11-01";5;18.673073905659;13.0711517339613;24.739129357326
2024-11-01 06:00:00;"2024-11-01";6;19.0164969807734;13.3115478865414;24.678042617752
2024-11-01 07:00:00;"2024-11-01";7;19.2703057502275;13.4892140251593;24.6341014963468
2024-11-01 08:00:00;"2024-11-01";8;19.5836400477028;13.7085480333919;24.5793362649295
2024-11-01 09:00:00;"2024-11-01";9;19.8818008026083;13.9172605618258;24.5261236307205
2024-11-01 10:00:00;"2024-11-01";10;20.1648849726542;14.1154194808579;24.4753194250501
2024-11-01 11:00:00;"2024-11-01";11;20.4329136298351;14.3030395408846;24.4269254155162
2024-11-01 12:00:00;"2024-11-01";12;20.7010428730304;14.4907300111213;24.3809427203346
2024-11-01 13:00:00;"2024-11-01";13;20.953893937397;14.6677257561779;24.3347249156472
2024-11-01 14:00:00;"2024-11-01";14;21.2068641225119;14.8448048857583;24.2909192537622
2024-11-01 15:00:00;"2024-11-01";15;21.3999651966523;14.9799756376566;24.2546744233317
2024-11-01 16:00:00;"2024-11-01";16;21.5486106837751;15.0840274786426;24.2283400240845
2024-11-01 17:00:00;"2024-11-01";17;21.652577422822;15.1568041959754;24.2092916318314
2024-11-01 18:00:00;"2024-11-01";18;21.7716583826966;15.2401608678876;24.1903576035718
2024-11-01 19:00:00;"2024-11-01";19;21.8309971082949;15.2816979758064;24.1789825195168
2024-11-01 20:00:00;"2024-11-01";20;21.8308503037844;15.2815952126491;24.177533415911
2024-11-01 21:00:00;"2024-11-01";21;21.8308657893405;15.2816060525383;24.1776862698049
2024-11-01 22:00:00;"2024-11-01";22;21.8308796167788;15.2816157317451;24.1778227575751
2024-11-01 23:00:00;"2024-11-01";23;21.8308918181141;15.2816242726798;24.1779431949886
2024-11-01 00:00:00;"2024-11-01";0;21.8309024255189;15.2816316978632;24.1780478994043
2024-11-02 01:00:00;"2024-11-02";1;22.0510184060286;15.43571288422;24.17813718968
2024-11-02 02:00:00;"2024-11-02";2;22.0509177789336;15.4356424452535;24.1771538389981
2024-11-02 03:00:00;"2024-11-02";3;22.1401359997316;15.4980951998121;24.1624384685278
2024-11-02 04:00:00;"2024-11-02";4;22.3183764950802;15.6228635465561;24.131501612116
2024-11-02 05:00:00;"2024-11-02";5;22.5855537857902;15.8098876500531;24.0843482494476
2024-11-02 06:00:00;"2024-11-02";6;22.9415378848992;16.0590765194295;24.0209836779707
2024-11-02 07:00:00;"2024-11-02";7;23.1934620778767;16.2354234545137;23.9752550914391
2024-11-02 08:00:00;"2024-11-02";8;23.5047242917982;16.4533070042588;23.9208088823575
2024-11-02 09:00:00;"2024-11-02";9;23.8008385756614;16.660587002963;23.8674892051372
2024-11-02 10:00:00;"2024-11-02";10;24.0970860166718;16.8679602116703;23.8167802366116
2024-11-02 11:00:00;"2024-11-02";11;24.3780837360444;17.0646586152311;23.7660549864376
2024-11-02 12:00:00;"2024-11-02";12;24.6441470119967;17.2509029083977;23.7179291420848
2024-11-02 13:00:00;"2024-11-02";13;24.9103827712181;17.4372679398526;23.6723971144085
2024-11-02 14:00:00;"2024-11-02";14;25.1614054295607;17.6129838006925;23.6268320474396
2024-11-02 15:00:00;"2024-11-02";15;25.368210830697;17.7577475814879;23.5907264628146
2024-11-02 16:00:00;"2024-11-02";16;25.530602518217;17.8714217627519;23.5620019621419
2024-11-02 17:00:00;"2024-11-02";17;25.6486195227145;17.9540336659002;23.5406600918572
2024-11-02 18:00:00;"2024-11-02";18;25.76647743207;18.036534202449;23.5182406572766
2024-11-02 19:00:00;"2024-11-02";19;25.8255308351564;18.0778715846095;23.5081261182812
2024-11-02 20:00:00;"2024-11-02";20;25.825495759918;18.0778470319426;23.5078415580554
2024-11-02 21:00:00;"2024-11-02";21;25.8255085983932;18.0778560188752;23.5079457143527
2024-11-02 22:00:00;"2024-11-02";22;25.8255219440034;18.0778653608024;23.5080539853817
2024-11-02 23:00:00;"2024-11-02";23;25.8255357844683;18.0778750491278;23.5081662715632
2024-11-02 00:00:00;"2024-11-02";0;25.8255501074643;18.077885075225;23.5082824729682
2024-11-03 01:00:00;"2024-11-03";1;26.0751277237804;18.2525894066463;23.5084024893411
2024-11-03 02:00:00;"2024-11-03";2;26.0751674796784;18.2526172357749;23.5087219431005
2024-11-03 03:00:00;"2024-11-03";3;26.1488360214652;18.3041852150257;23.4950814005117
2024-11-03 04:00:00;"2024-11-03";4;26.3112382845914;18.417866799214;23.4680065027349
2024-11-03 05:00:00;"2024-11-03";5;26.5469042681258;18.5828329876881;23.424907607397
2024-11-03 06:00:00;"2024-11-03";6;26.8711214545305;18.8097850181714;23.3683876569781
2024-11-03 07:00:00;"2024-11-03";7;27.1067591244575;18.9747313871202;23.3270224418521
2024-11-03 08:00:00;"2024-11-03";8;27.4012937888685;19.1809056522079;23.2763333906702
2024-11-03 09:00:00;"2024-11-03";9;27.6807034916805;19.3764924441763;23.2263096109701
2024-11-03 10:00:00;"2024-11-03";10;27.9452585508867;19.5616809856207;23.1788479544087
2024-11-03 11:00:00;"2024-11-03";11;28.2100278333266;19.7470194833286;23.1339470229863
2024-11-03 12:00:00;"2024-11-03";12;28.4596196121051;19.9217337284736;23.0890092115866
2024-11-03 13:00:00;"2024-11-03";13;28.6944057315238;20.0860840120667;23.0466292402278
2024-11-03 14:00:00;"2024-11-03";14;28.9294435687189;20.2506104981033;23.0068056891017
2024-11-03 15:00:00;"2024-11-03";15;29.1200968315598;20.3840677820919;22.9727627941166
2024-11-03 16:00:00;"2024-11-03";16;29.2666380773948;20.4866466541763;22.9461108737126
2024-11-03 17:00:00;"2024-11-03";17;29.3691053325627;20.5583737327939;22.9268563966418
2024-11-03 18:00:00;"2024-11-03";18;29.4865285937995;20.6405700156597;22.9072374280439
2024-11-03 19:00:00;"2024-11-03";19;29.5450755399524;20.6815528779667;22.896355872341
2024-11-03 20:00:00;"2024-11-03";20;29.5449335367417;20.6814534757192;22.8953750771886
2024-11-03 21:00:00;"2024-11-03";21;29.544941337568;20.6814589362976;22.8954289553722
2024-11-03 22:00:00;"2024-11-03";22;29.5449499241783;20.6814649469248;22.8954882608832
2024-11-03 23:00:00;"2024-11-03";23;29.5449592631971;20.6814714842379;22.8955527632401
2024-11-03 00:00:00;"2024-11-03";0;29.5449693210083;20.6814785247058;22.8956222303041
2024-11-04 01:00:00;"2024-11-04";1;29.8388934987387;20.8872254491171;22.8956964284695
2024-11-04 02:00:00;"2024-11-04";2;29.8386578736766;20.8870605115736;22.8940850921325
2024-11-04 03:00:00;"2024-11-04";3;29.9267282519041;20.9487097763328;22.8797248209025
2024-11-04 04:00:00;"2024-11-04";4;30.1025677148522;21.0717974003965;22.8492475961699
2024-11-04 05:00:00;"2024-11-04";5;30.3660859014639;21.2562601310247;22.8026631890996
2024-11-04 06:00:00;"2024-11-04";6;30.7171447933667;21.5020013553567;22.7399822170653
