{
    "id": "acquaount:demostation",
    "@context": "https://www.w3.org/2022/wot/td/v1.1",
    "title": "AcquaountStationBase",
    "stationName": "Base",
    "href": "84.88.76.14",
    "securityDefinitions": {
        "basic_sc": {
            "scheme": "nosec"
        }
    },
    "security": [
        "basic_sc"
    ],
    "description": "Base Station Thing Description",
    "properties": {
        "stationInformation": {
            "type": "object",
            "description": "The information of the station this thing represents",
            "readOnly": true,
            "writeOnly": false,
            "observable": false,
            "forms": [
                {
                    "href": "/properties/thingInformation",
                    "contentType": "application/json",
                    "op": "readproperty"
                }
            ],
            "properties": {
                "name": {
                    "type": "string",
                    "readOnly": true,
                    "writeOnly": false,
                    "description": "The name of the field"
                },
                "description": {
                    "type": "string",
                    "readOnly": true,
                    "writeOnly": false,
                    "description": "A description about the field"
                },
                "pilot": {
                    "type": "string",
                    "readOnly": true,
                    "writeOnly": false,
                    "description": "The pilot of this field"
                },
                "location": {
                    "type": "object",
                    "readOnly": true,
                    "writeOnly": false,
                    "format": "geojson",
                    "href": "https://datatracker.ietf.org/doc/html/rfc7946#section-3.1",
                    "description": "The location of the field in GeoJSON Geometry format"
                }
            }
        },
        "propertiesList": {
            "type": "array",
            "description": "The list of observed properties of this thing",
            "readOnly": true,
            "writeOnly": false,
            "observable": false,
            "forms": [
                {
                    "href": "/properties/propertiesList",
                    "contentType": "application/json",
                    "op": "readproperty"
                }
            ],
            "items": {
                "type": "object",
                "readOnly": true,
                "writeOnly": false,
                "properties": {
                    "name": {
                        "type": "string",
                        "readOnly": true,
                        "writeOnly": false,
                        "description": "The name of the property"
                    },
                    "description": {
                        "type": "string",
                        "readOnly": true,
                        "writeOnly": false,
                        "description": "A description of the property"
                    }
                }
            }
        },
        "propertyInformation": {
            "type": "object",
            "description": "The information of a property of this thing",
            "readOnly": true,
            "writeOnly": false,
            "observable": false,
            "uriVariables": {
                "name": {
                    "type": "string",
                    "readOnly": true,
                    "writeOnly": false,
                    "description": "The name of the property"
                }
            },
            "forms": [
                {
                    "href": "/properties/propertyInformation",
                    "contentType": "application/json",
                    "op": "readproperty"
                }
            ],
            "properties": {
                "name": {
                    "type": "string",
                    "readOnly": true,
                    "writeOnly": false,
                    "description": "The name of the property"
                },
                "description": {
                    "type": "string",
                    "readOnly": true,
                    "writeOnly": false,
                    "description": "A description of the property"
                }
            }
        },
        "datastreamsList": {
            "type": "array",
            "description": "The list of datasources of this thing",
            "readOnly": true,
            "writeOnly": false,
            "observable": false,
            "forms": [
                {
                    "href": "/properties/datasourcesList",
                    "contentType": "application/json",
                    "op": "readproperty"
                }
            ],
            "items": {
                "type": "object",
                "readOnly": true,
                "writeOnly": false,
                "properties": {
                    "name": {
                        "type": "string",
                        "readOnly": true,
                        "writeOnly": false,
                        "description": "The name of the datasource"
                    },
                    "description": {
                        "type": "string",
                        "readOnly": true,
                        "writeOnly": false,
                        "description": "A description of the datasource"
                    },
                    "unit_of_measurement": {
                        "type": "string",
                        "readOnly": true,
                        "writeOnly": false,
                        "description": "The unit of measurement of the observations of this datasource"
                    }
                }
            }
        },
        "datastreamInformation": {
            "description": "The information of a datasource of this thing",
            "readOnly": true,
            "writeOnly": false,
            "observable": false,
            "uriVariables": {
                "name": {
                    "type": "string",
                    "readOnly": true,
                    "writeOnly": false,
                    "description": "The name of the datasource"
                }
            },
            "forms": [
                {
                    "href": "/properties/propertyInformation",
                    "contentType": "application/json",
                    "op": "readproperty"
                }
            ],
            "type": "object",
            "properties": {
                "name": {
                    "type": "string",
                    "readOnly": true,
                    "writeOnly": false,
                    "description": "The name of the datasource"
                },
                "description": {
                    "type": "string",
                    "readOnly": true,
                    "writeOnly": false,
                    "description": "A description of the datasource"
                },
                "unit_of_measurement": {
                    "type": "string",
                    "readOnly": true,
                    "writeOnly": false,
                    "description": "The unit of measurement of the observations of this datasource"
                }
            }
        },
        "datastreamLastMeasure": {
            "description": "The last measure of the specified datastream",
            "readOnly": true,
            "writeOnly": false,
            "observable": false,
            "uriVariables": {
                "name": {
                    "type": "string",
                    "readOnly": true,
                    "writeOnly": false,
                    "description": "The name of the datastream"
                }
            },
            "forms": [
                {
                    "href": "/properties/datasourceLastMeasure",
                    "contentType": "application/json",
                    "op": "readproperty"
                }
            ],
            "type": "object",
            "properties": {
                "device_id": {
                    "type": "string",
                    "readOnly": true,
                    "writeOnly": false,
                    "description": "The ID of the sensor that took this measure"
                },
                "property_name": {
                    "type": "string",
                    "readOnly": true,
                    "writeOnly": false,
                    "description": "The name of the property observed in this measure"
                },
                "datastream_name": {
                    "type": "string",
                    "readOnly": true,
                    "writeOnly": false,
                    "description": "The name of the datastream containing this measure"
                },
                "unit_of_measurement": {
                    "type": "string",
                    "readOnly": true,
                    "writeOnly": false,
                    "description": "The unit of measurement of the observation"
                },
                "value": {
                    "type": "string",
                    "readOnly": true,
                    "writeOnly": false,
                    "description": "The value of the observation"
                },
                "time_of_measure": {
                    "type": "string",
                    "readOnly": true,
                    "writeOnly": false,
                    "description": "The time when the observation was taken"
                }
            }
        },
        "datastreamMeasures": {
            "description": "All the measures of a specified datastream",
            "readOnly": true,
            "writeOnly": false,
            "observable": false,
            "uriVariables": {
                "name": {
                    "type": "string",
                    "readOnly": true,
                    "writeOnly": false,
                    "description": "The name of the datasource"
                }
            },
            "forms": [
                {
                    "href": "/properties/datasourceMeasures",
                    "contentType": "application/json",
                    "op": "readproperty"
                }
            ],
            "type": "array",
            "items": {
                "readOnly": true,
                "writeOnly": false,
                "properties": {
                    "device_id": {
                        "type": "string",
                        "readOnly": true,
                        "writeOnly": false,
                        "description": "The ID of the sensor that took this measure"
                    },
                    "property_name": {
                        "type": "string",
                        "readOnly": true,
                        "writeOnly": false,
                        "description": "The name of the property observed in this measure"
                    },
                    "datastream_name": {
                        "type": "string",
                        "readOnly": true,
                        "writeOnly": false,
                        "description": "The name of the datastream containing this measure"
                    },
                    "unit_of_measurement": {
                        "type": "string",
                        "readOnly": true,
                        "writeOnly": false,
                        "description": "The unit of measurement of the observation"
                    },
                    "value": {
                        "type": "string",
                        "readOnly": true,
                        "writeOnly": false,
                        "description": "The value of the observation"
                    },
                    "time_of_measure": {
                        "type": "string",
                        "readOnly": true,
                        "writeOnly": false,
                        "description": "The time when the observation was taken"
                    }
                }
            }
        },
        "datastreamTimeRangeMeasures": {
            "description": "All the measures in a range of time of a specified datastream",
            "readOnly": true,
            "writeOnly": false,
            "observable": false,
            "uriVariables": {
                "name": {
                    "type": "string",
                    "readOnly": true,
                    "writeOnly": false,
                    "description": "The name of the datasource"
                },
                "start_time": {
                    "type": "string",
                    "readOnly": true,
                    "writeOnly": false,
                    "description": "The start time of the range of time, in format \"YYYY-MM-DDThh:mm:ssZ\" in the UTC timezone"
                },
                "end_time": {
                    "type": "string",
                    "readOnly": true,
                    "writeOnly": false,
                    "description": "The start time of the range of time, in format \"YYYY-MM-DDThh:mm:ssZ\" in the UTC timezone"
                }
            },
            "forms": [
                {
                    "href": "/properties/datasourceMeasures",
                    "contentType": "application/json",
                    "op": "readproperty"
                }
            ],
            "type": "array",
            "items": {
                "readOnly": true,
                "writeOnly": false,
                "properties": {
                    "device_id": {
                        "type": "string",
                        "readOnly": true,
                        "writeOnly": false,
                        "description": "The ID of the sensor that took this measure"
                    },
                    "property_name": {
                        "type": "string",
                        "readOnly": true,
                        "writeOnly": false,
                        "description": "The name of the property observed in this measure"
                    },
                    "datastream_name": {
                        "type": "string",
                        "readOnly": true,
                        "writeOnly": false,
                        "description": "The name of the datastream containing this measure"
                    },
                    "unit_of_measurement": {
                        "type": "string",
                        "readOnly": true,
                        "writeOnly": false,
                        "description": "The unit of measurement of the observation"
                    },
                    "value": {
                        "type": "string",
                        "readOnly": true,
                        "writeOnly": false,
                        "description": "The value of the observation"
                    },
                    "time_of_measure": {
                        "type": "string",
                        "readOnly": true,
                        "writeOnly": false,
                        "description": "The time when the observation was taken"
                    }
                }
            }
        },
        "lastMeasures": {
            "description": "All the latest measures of the thing",
            "readOnly": true,
            "writeOnly": false,
            "observable": false,
            "forms": [
                {
                    "href": "/properties/lastMeasures",
                    "contentType": "application/json",
                    "op": "readproperty"
                }
            ],
            "type": "array",
            "items": {
                "readOnly": true,
                "writeOnly": false,
                "properties": {
                    "device_id": {
                        "type": "string",
                        "readOnly": true,
                        "writeOnly": false,
                        "description": "The ID of the sensor that took this measure"
                    },
                    "property_name": {
                        "type": "string",
                        "readOnly": true,
                        "writeOnly": false,
                        "description": "The name of the property observed in this measure"
                    },
                    "datastream_name": {
                        "type": "string",
                        "readOnly": true,
                        "writeOnly": false,
                        "description": "The name of the datastream containing this measure"
                    },
                    "unit_of_measurement": {
                        "type": "string",
                        "readOnly": true,
                        "writeOnly": false,
                        "description": "The unit of measurement of the observation"
                    },
                    "value": {
                        "type": "string",
                        "readOnly": true,
                        "writeOnly": false,
                        "description": "The value of the observation"
                    },
                    "time_of_measure": {
                        "type": "string",
                        "readOnly": true,
                        "writeOnly": false,
                        "description": "The time when the observation was taken"
                    }
                }
            }
        }
    },
    "actions": {
        "receiveMeasure": {
            "safe": true,
            "idempotent": false,
            "input": {
                "type": "object",
                "description": "The message that the data retriever sends",
                "readOnly": true,
                "writeOnly": false,
                "properties": {
                    "info": {
                        "type": "object",
                        "readOnly": true,
                        "writeOnly": false,
                        "description": "The necessary information to identify from which platform is this data coming from",
                        "properties": {
                            "stationID": {
                                "type": "string",
                                "readOnly": true,
                                "writeOnly": false,
                                "description": "The device's ID according to the list (D001, D002, I001, ...)"
                            }
                        }
                    },
                    "values": {
                        "type": "object",
                        "readOnly": true,
                        "writeOnly": false,
                        "description": "The observation values in key/value pairs. The keys must match the keys agreed on before.",
                        "properties": {}
                    }
                }
            },
            "output": {
                "description": "Returns true/false if measures were identified correctly, and a message",
                "type": "object",
                "properties": {
                    "result": {
                        "type": "boolean",
                        "readOnly": true,
                        "writeOnly": false
                    },
                    "message": {
                        "type": "string",
                        "readOnly": true,
                        "writeOnly": false
                    }
                },
                "readOnly": true,
                "writeOnly": false
            },
            "forms": [
                {
                    "href": "/actions/receiveMeasure",
                    "contentType": "application/json",
                    "op": "invokeaction"
                }
            ]
        }
    },
    "events": {
        "newObservation": {
            "description": "A new observation of the specified datastream has been added to the system",
            "data": {
                "type": "object",
                "readOnly": true,
                "writeOnly": false,
                "properties": {
                    "device_id": {
                        "type": "string",
                        "readOnly": true,
                        "writeOnly": false,
                        "description": "The device's ID according to the list (D001, D002, I001, ...)"
                    },
                    "observed_property": {
                        "type": "string",
                        "readOnly": true,
                        "writeOnly": false,
                        "description": "The device's observed propery, such as soilTemperature, soilMoisture,..."
                    },
                    "value": {
                        "type": "number",
                        "readOnly": true,
                        "writeOnly": false,
                        "description": "The value of the measurement"
                    },
                    "time": {
                        "type": "string",
                        "readOnly": true,
                        "writeOnly": false,
                        "description": "The time when this measurement was taken"
                    }
                }
            },
            "forms": [
                {
                    "href": "/events/newObservation",
                    "contentType": "application/json",
                    "op": "subscribeevent"
                }
            ]
        }
    }
}