"TIME";"Date";"Hour";"Hourly irrigation requirements (m3)";"Suggested Soil Moisture (%)";"Irrigation Suggested (m3)";"Irrigation Limit (m3)"
2024-10-08 07:00:00;"2024-10-08";7;34.0679096288181;10.1036806635562;0;0
2024-10-08 08:00:00;"2024-10-08";8;34.0673206541919;10.1028512182478;0;0
2024-10-08 09:00:00;"2024-10-08";9;34.0668494164732;10.1021254536029;0;0
2024-10-08 10:00:00;"2024-10-08";10;34.0664959543326;10.101399688958;0;0
2024-10-08 11:00:00;"2024-10-08";11;34.0672028495976;10.1017107309487;0;0
2024-10-08 12:00:00;"2024-10-08";12;30.7347785498909;10.1028512182478;3;3
2024-10-08 13:00:00;"2024-10-08";13;30.7295580962205;10.1048211508554;3;3
2024-10-08 14:00:00;"2024-10-08";14;31.840782751665;10.1066874027994;2;2
2024-10-08 15:00:00;"2024-10-08";15;34.0542275689564;10.1090720580612;0;0
2024-10-08 16:00:00;"2024-10-08";16;34.0563417351502;10.1111456713323;0;0
2024-10-08 17:00:00;"2024-10-08";17;31.8245651685168;10.1129082426128;2;2
2024-10-08 18:00:00;"2024-10-08";18;30.716001117662;10.1140487299119;3;3
2024-10-08 19:00:00;"2024-10-08";19;32.9345511868934;10.1144634525661;1;1
2024-10-08 20:00:00;"2024-10-08";20;34.0431752056572;10.1143597719025;0;0
2024-10-08 21:00:00;"2024-10-08";21;34.0421190829732;10.1138413685848;0;0
2024-10-08 22:00:00;"2024-10-08";22;34.0481737984934;10.1130119232763;0;0
2024-10-08 23:00:00;"2024-10-08";23;34.0471168713204;10.1122861586314;0;0
2024-10-09 00:00:00;"2024-10-09";0;34.046177162501;10.1115603939865;0;0
2024-10-09 01:00:00;"2024-10-09";1;34.0528175476357;10.1110419906687;0;0
2024-10-09 02:00:00;"2024-10-09";2;34.0521123636972;10.1104199066874;0;0
2024-10-09 04:00:00;"2024-10-09";4;34.0505840686324;10.1089683773976;0;0
2024-10-09 05:00:00;"2024-10-09";5;34.0573408111502;10.1082426127527;0;0
2024-10-09 06:00:00;"2024-10-09";6;34.0568702915568;10.1076205287714;0;0
2024-10-09 07:00:00;"2024-10-09";7;34.0563997205211;10.10699844479;0;0
2024-10-09 08:00:00;"2024-10-09";8;34.0560467584782;10.1065837221358;0;0
2024-10-09 09:00:00;"2024-10-09";9;34.0630381051553;10.106065318818;0;0
2024-10-09 10:00:00;"2024-10-09";10;34.0629204096815;10.1056505961638;0;0
2024-10-09 11:00:00;"2024-10-09";11;34.06327348645;10.1056505961638;0;0
2024-10-09 12:00:00;"2024-10-09";12;34.0568702915568;10.1064800414723;0;0
2024-10-09 13:00:00;"2024-10-09";13;34.0588696446997;10.1080352514256;0;0
2024-10-09 14:00:00;"2024-10-09";14;34.0531700962779;10.1094867807154;0;0
2024-10-09 15:00:00;"2024-10-09";15;34.0487608680987;10.1121824779679;0;0
2024-10-09 16:00:00;"2024-10-09";16;34.0434098643839;10.1141524105754;0;0
2024-10-09 17:00:00;"2024-10-09";17;34.0448175480399;10.1158113011923;0;0
2024-10-09 18:00:00;"2024-10-09";18;34.0382915617836;10.117055469155;0;0
2024-10-09 19:00:00;"2024-10-09";19;34.0384088002877;10.1177812337999;0;0
2024-10-09 20:00:00;"2024-10-09";20;34.0377053213304;10.1176775531363;0;0
2024-10-09 21:00:00;"2024-10-09";21;34.0364153110358;10.1168481078279;0;0
2024-10-09 22:00:00;"2024-10-09";22;34.0424711526749;10.116122343183;0;0
2024-10-09 23:00:00;"2024-10-09";23;34.0411800895551;10.115189217211;0;0
2024-10-10 00:00:00;"2024-10-10";0;34.040123476925;10.1144634525661;0;0
2024-10-10 01:00:00;"2024-10-10";1;34.0462946373274;10.1134266459305;0;0
2024-10-10 02:00:00;"2024-10-10";2;34.0453547488979;10.1125972006221;0;0
2024-10-10 04:00:00;"2024-10-10";4;34.0508192262803;10.1107309486781;0;0
2024-10-10 05:00:00;"2024-10-10";5;34.0498785185764;10.1097978227061;0;0
2024-10-10 06:00:00;"2024-10-10";6;34.056282069723;10.1086573354069;0;0
2024-10-10 07:00:00;"2024-10-10";7;34.055340747543;10.1075168481078;0;0
2024-10-10 08:00:00;"2024-10-10";8;34.0546346207751;10.1066874027994;0;0
2024-10-10 09:00:00;"2024-10-10";9;30.7272220949585;10.1057542768274;3;3
2024-10-10 10:00:00;"2024-10-10";10;28.5016998690994;10.105132192846;5;5
2024-10-10 11:00:00;"2024-10-10";11;29.618383141357;10.105132192846;4;4
2024-10-10 12:00:00;"2024-10-10";12;28.5034729732113;10.1063763608087;5;5
2024-10-10 13:00:00;"2024-10-10";13;34.0583992922112;10.1082426127527;0;0
2024-10-10 14:00:00;"2024-10-10";14;34.0542275689564;10.1110419906687;0;0
2024-10-10 15:00:00;"2024-10-10";15;34.0498173915943;10.1136340072576;0;0
2024-10-10 16:00:00;"2024-10-10";16;34.0378225758126;10.1163297045101;0;0
2024-10-10 17:00:00;"2024-10-10";17;34.0396982129983;10.1184033177812;0;0
2024-10-10 18:00:00;"2024-10-10";18;34.0332882966228;10.119854847071;0;0
2024-10-10 19:00:00;"2024-10-10";19;34.0330539883573;10.1201658890617;0;0
2024-10-10 20:00:00;"2024-10-10";20;34.032233808894;10.1199585277346;0;0
2024-10-10 21:00:00;"2024-10-10";21;34.0308274229722;10.1193364437532;0;0
2024-10-10 22:00:00;"2024-10-10";22;34.0365326006864;10.1181959564541;0;0
2024-10-10 23:00:00;"2024-10-10";23;34.0350075857138;10.117055469155;0;0
2024-10-11 00:00:00;"2024-10-11";0;34.0409453091742;10.1160186625194;0;0
2024-10-11 01:00:00;"2024-10-11";1;34.0398886388716;10.1150855365474;0;0
2024-10-11 02:00:00;"2024-10-11";2;34.0389491584413;10.114256091239;0;0
2024-10-11 04:00:00;"2024-10-11";4;34.045237248407;10.1131156039399;0;0
2024-10-11 05:00:00;"2024-10-11";5;34.0447672143521;10.1125972006221;0;0
2024-10-11 06:00:00;"2024-10-11";6;34.044179599565;10.1118714359772;0;0
2024-10-11 07:00:00;"2024-10-11";7;34.0507016490627;10.1110419906687;0;0
2024-10-11 08:00:00;"2024-10-11";8;34.0498785185764;10.1100051840332;0;0
2024-10-11 09:00:00;"2024-10-11";9;34.0492904718161;10.1092794193883;0;0
2024-10-11 10:00:00;"2024-10-11";10;34.056282069723;10.1085536547434;0;0
2024-10-11 11:00:00;"2024-10-11";11;29.6058433761628;10.1086573354069;4;4
2024-10-11 12:00:00;"2024-10-11";12;32.9411750251658;10.1092794193883;1;1
2024-10-11 13:00:00;"2024-10-11";13;34.0515246221323;10.1102125453603;0;0
2024-10-11 14:00:00;"2024-10-11";14;34.0464121089466;10.1120787973043;0;0
2024-10-11 15:00:00;"2024-10-11";15;34.0414148571239;10.1141524105754;0;0
2024-10-11 16:00:00;"2024-10-11";16;34.036298018187;10.1163297045101;0;0
2024-10-11 17:00:00;"2024-10-11";17;34.0377053213304;10.1176775531363;0;0
2024-10-11 18:00:00;"2024-10-11";18;31.8120644951359;10.1185069984448;2;2
2024-10-11 19:00:00;"2024-10-11";19;32.9209923472656;10.1185069984448;1;1
2024-10-11 20:00:00;"2024-10-11";20;34.0366498871389;10.1180922757906;0;0
2024-10-11 21:00:00;"2024-10-11";21;34.0350075857138;10.1169517884914;0;0
2024-10-11 22:00:00;"2024-10-11";22;34.0409453091742;10.1159149818559;0;0
2024-10-11 23:00:00;"2024-10-11";23;34.0395363577532;10.1147744945568;0;0
2024-10-12 00:00:00;"2024-10-12";0;34.0454722461802;10.1134266459305;0;0
2024-10-12 01:00:00;"2024-10-12";1;34.0442971289429;10.112389839295;0;0
2024-10-12 02:00:00;"2024-10-12";2;34.0504664849894;10.1111456713323;0;0
2024-10-12 03:00:00;"2024-10-12";3;34.0496433095152;10.1101088646967;0;0
2024-10-12 04:00:00;"2024-10-12";4;34.0484670713237;10.1087610160705;0;0
2024-10-12 05:00:00;"2024-10-12";5;34.0548700092372;10.1077242094349;0;0
2024-10-12 06:00:00;"2024-10-12";6;34.054163805225;10.1066874027994;0;0
2024-10-12 07:00:00;"2024-10-12";7;34.060683584066;10.1054432348367;0;0
2024-10-12 08:00:00;"2024-10-12";8;34.0602125252664;10.1047174701918;0;0
2024-10-12 09:00:00;"2024-10-12";9;34.0598591973343;10.1038880248834;0;0
2024-10-12 10:00:00;"2024-10-12";10;34.0672028495976;10.1035769828927;0;0
2024-10-12 11:00:00;"2024-10-12";11;34.0676740486359;10.1034733022291;0;0
2024-10-12 12:00:00;"2024-10-12";12;34.0617432779285;10.1045101088647;0;0
2024-10-12 13:00:00;"2024-10-12";13;34.063979553124;10.106065318818;0;0
2024-10-12 14:00:00;"2024-10-12";14;34.0593399457965;10.1083462934163;0;0
2024-10-12 15:00:00;"2024-10-12";15;34.0548149415244;10.1108346293416;0;0
2024-10-12 16:00:00;"2024-10-12";16;34.0498173915943;10.1132192846034;0;0
2024-10-12 17:00:00;"2024-10-12";17;34.0442310691535;10.1150855365474;0;0
2024-10-12 18:00:00;"2024-10-12";18;34.0378225758126;10.1163297045101;0;0
2024-10-12 19:00:00;"2024-10-12";19;34.0375880636519;10.1166407465008;0;0
2024-10-12 20:00:00;"2024-10-12";20;34.0437618284783;10.116122343183;0;0
2024-10-12 21:00:00;"2024-10-12";21;34.0423537993089;10.1153965785381;0;0
2024-10-12 22:00:00;"2024-10-12";22;34.0407105159798;10.1141524105754;0;0
2024-10-12 23:00:00;"2024-10-12";23;34.0465295773588;10.1130119232763;0;0
2024-10-13 00:00:00;"2024-10-13";0;34.045237248407;10.1118714359772;0;0
2024-10-13 01:00:00;"2024-10-13";1;34.0514070641863;10.1109383100052;0;0
2024-10-13 02:00:00;"2024-10-13";2;34.0502313080644;10.1096941420425;0;0
2024-10-13 03:00:00;"2024-10-13";3;0;10.1088646967341;0;0
2024-10-13 04:00:00;"2024-10-13";4;34.0555760973897;10.1074131674443;0;0
2024-10-13 05:00:00;"2024-10-13";5;34.0546346207751;10.1062726801452;0;0
2024-10-13 06:00:00;"2024-10-13";6;34.0611545913224;10.1053395541731;0;0
2024-10-13 07:00:00;"2024-10-13";7;34.0604873158308;10.1044409884223;0;0
2024-10-13 08:00:00;"2024-10-13";8;34.0670850417798;10.1034733022291;0;0
2024-10-13 09:00:00;"2024-10-13";9;34.0663781271702;10.1022291342665;0;0
2024-10-13 10:00:00;"2024-10-13";10;34.0660246263334;10.1017107309487;0;0
2024-10-13 11:00:00;"2024-10-13";11;32.9576274720941;10.1015033696216;1;1
2024-10-13 12:00:00;"2024-10-13";12;34.0682629749242;10.1028512182478;0;0
2024-10-13 13:00:00;"2024-10-13";13;34.0633911722713;10.1047174701918;0;0
2024-10-13 14:00:00;"2024-10-13";14;34.0588696446997;10.10699844479;0;0
2024-10-13 15:00:00;"2024-10-13";15;34.0543450498833;10.1094867807154;0;0
2024-10-13 16:00:00;"2024-10-13";16;34.0497000129039;10.1120787973043;0;0
2024-10-13 17:00:00;"2024-10-13";17;34.0442310691535;10.1141524105754;0;0
2024-10-13 18:00:00;"2024-10-13";18;34.0451693970032;10.1155002592017;0;0
2024-10-13 19:00:00;"2024-10-13";19;34.0449348342247;10.1159149818559;0;0
2024-10-13 20:00:00;"2024-10-13";20;34.043879143445;10.1155002592017;0;0
2024-10-13 21:00:00;"2024-10-13";21;34.0423537993089;10.1146708138932;0;0
2024-10-13 22:00:00;"2024-10-13";22;34.0480563749604;10.1135303265941;0;0
2024-10-13 23:00:00;"2024-10-13";23;34.0464121089466;10.1122861586314;0;0
2024-10-14 00:00:00;"2024-10-14";0;34.0523474378494;10.1111456713323;0;0
2024-10-14 01:00:00;"2024-10-14";1;34.0510543710786;10.1099015033696;0;0
2024-10-14 02:00:00;"2024-10-14";2;34.0498785185764;10.1088646967341;0;0
2024-10-14 03:00:00;"2024-10-14";3;34.0560467584782;10.1076205287714;0;0
2024-10-14 04:00:00;"2024-10-14";4;34.055105384826;10.1064800414723;0;0
2024-10-14 05:00:00;"2024-10-14";5;34.0615078129467;10.1054432348367;0;0
2024-10-14 06:00:00;"2024-10-14";6;34.0605658241988;10.1043027475376;0;0
2024-10-14 07:00:00;"2024-10-14";7;34.0669672307384;10.1031622602385;0;0
2024-10-14 08:00:00;"2024-10-14";8;34.0662602967829;10.1019180922758;0;0
2024-10-14 09:00:00;"2024-10-14";9;34.072778665027;10.1008812856402;0;0
2024-10-14 10:00:00;"2024-10-14";10;27.4048039093494;10.1000518403318;6;6
2024-10-14 11:00:00;"2024-10-14";11;34.0728965433977;10.1000518403318;0;0
2024-10-14 12:00:00;"2024-10-14";12;34.0745465018609;10.1010886469673;0;0
2024-10-14 13:00:00;"2024-10-14";13;34.0694405858915;10.1027475375842;0;0
2024-10-14 14:00:00;"2024-10-14";14;34.0648031512422;10.1049248315189;0;0
2024-10-14 15:00:00;"2024-10-14";15;34.0601628490912;10.1073094867807;0;0
2024-10-14 16:00:00;"2024-10-14";16;34.0552847818687;10.109590461379;0;0
2024-10-14 17:00:00;"2024-10-14";17;34.0497000129039;10.111456713323;0;0
2024-10-14 18:00:00;"2024-10-14";18;32.941557167726;10.1130119232763;1;1
2024-10-14 19:00:00;"2024-10-14";19;34.0506389527914;10.1132192846034;0;0
2024-10-14 20:00:00;"2024-10-14";20;34.0498173915943;10.1129082426128;0;0
2024-10-14 21:00:00;"2024-10-14";21;34.0485260498679;10.112389839295;0;0
2024-10-14 22:00:00;"2024-10-14";22;34.0471168713204;10.1113530326594;0;0
2024-10-14 23:00:00;"2024-10-14";23;34.0531700962779;10.110523587351;0;0
2024-10-15 00:00:00;"2024-10-15";0;34.0518772767036;10.1093831000518;0;0
2024-10-15 01:00:00;"2024-10-15";1;34.0580464941121;10.1083462934163;0;0
2024-10-15 02:00:00;"2024-10-15";2;34.0572231860739;10.1076205287714;0;0
2024-10-15 03:00:00;"2024-10-15";3;34.0631557974114;10.1061689994816;0;0
2024-10-15 04:00:00;"2024-10-15";4;34.062567303952;10.1054432348367;0;0
2024-10-15 05:00:00;"2024-10-15";5;34.0617432779285;10.1044064282011;0;0
2024-10-15 06:00:00;"2024-10-15";6;34.0682629749242;10.1034733022291;0;0
2024-10-15 07:00:00;"2024-10-15";7;34.0675562537109;10.1026438569207;0;0
2024-10-15 08:00:00;"2024-10-15";8;34.0668494164732;10.1016070502851;0;0
2024-10-15 09:00:00;"2024-10-15";9;34.0734858868533;10.1006739243131;34.0734858868533;34.0734858868533
2024-10-15 10:00:00;"2024-10-15";10;0;10.0999539578374;0;0
2024-10-15 11:00:00;"2024-10-15";11;0;22.9560720441386;0;0
2024-10-15 12:00:00;"2024-10-15";12;0;22.908514037969;0;0
2024-10-15 13:00:00;"2024-10-15";13;0;22.8450452542768;0;0
2024-10-15 14:00:00;"2024-10-15";14;0;22.7856706601689;0;0
2024-10-15 15:00:00;"2024-10-15";15;0;22.7258935407426;0;0
2024-10-15 16:00:00;"2024-10-15";16;0;22.6768819291522;0;0
2024-10-15 17:00:00;"2024-10-15";17;0;22.6364308033136;0;0
2024-10-15 18:00:00;"2024-10-15";18;0;22.5881796352259;0;0
2024-10-15 19:00:00;"2024-10-15";19;0;22.5583643496097;0;0
2024-10-15 20:00:00;"2024-10-15";20;0;22.54946872177;0;0
2024-10-15 21:00:00;"2024-10-15";21;0;22.5473815719814;0;0
2024-10-15 22:00:00;"2024-10-15";22;0;22.5457210060089;0;0
2024-10-15 23:00:00;"2024-10-15";23;0;22.5444780308639;0;0
2024-10-16 00:00:00;"2024-10-16";0;0;22.5446077636681;0;0
2024-10-16 01:00:00;"2024-10-16";1;0;22.5446889232792;0;0
2024-10-16 02:00:00;"2024-10-16";2;0;22.544642431714;0;0
2024-10-16 03:00:00;"2024-10-16";3;0;22.5444016216085;0;0
2024-10-16 04:00:00;"2024-10-16";4;0;22.5447903804096;0;0
2024-10-16 05:00:00;"2024-10-16";5;0;22.5447805298775;0;0
2024-10-16 06:00:00;"2024-10-16";6;0;22.5447351915543;0;0
2024-10-16 07:00:00;"2024-10-16";7;0;22.5447734144988;0;0
2024-10-16 08:00:00;"2024-10-16";8;0;22.5448793481606;0;0
2024-10-16 09:00:00;"2024-10-16";9;0;22.5447051860832;0;0
2024-10-16 10:00:00;"2024-10-16";10;0;22.5408245995177;0;0
2024-10-16 11:00:00;"2024-10-16";11;0;22.5129293375303;0;0
2024-10-16 12:00:00;"2024-10-16";12;0;22.4607482329039;0;0
2024-10-16 13:00:00;"2024-10-16";13;0;22.3892835857584;0;0
2024-10-16 14:00:00;"2024-10-16";14;0;22.3034116783722;0;0
2024-10-16 15:00:00;"2024-10-16";15;0;22.2327165504317;0;0
2024-10-16 16:00:00;"2024-10-16";16;0;22.145735317629;0;0
2024-10-16 17:00:00;"2024-10-16";17;0;22.0868390465036;0;0
2024-10-16 18:00:00;"2024-10-16";18;0;21.9819673783868;0;0
2024-10-16 19:00:00;"2024-10-16";19;0;21.9598181504026;0;0
2024-10-16 20:00:00;"2024-10-16";20;0;21.9432749996402;0;0
2024-10-16 21:00:00;"2024-10-16";21;0;21.9217272379077;0;0
2024-10-16 22:00:00;"2024-10-16";22;0;21.9161937256773;0;0
2024-10-16 23:00:00;"2024-10-16";23;0;21.9086935887693;0;0
2024-10-17 00:00:00;"2024-10-17";0;0;21.9066580849048;0;0
2024-10-17 01:00:00;"2024-10-17";1;0;21.906844253931;0;0
2024-10-17 02:00:00;"2024-10-17";2;0;21.9061369151375;0;0
2024-10-17 03:00:00;"2024-10-17";3;0;21.9021127660176;0;0
2024-10-17 04:00:00;"2024-10-17";4;0;21.9010817782723;0;0
2024-10-17 05:00:00;"2024-10-17";5;0;21.8973538110304;0;0
2024-10-17 06:00:00;"2024-10-17";6;0;21.8964042143079;0;0
2024-10-17 07:00:00;"2024-10-17";7;0;21.8965553622869;0;0
2024-10-17 08:00:00;"2024-10-17";8;0;21.8971105456085;0;0
2024-10-17 09:00:00;"2024-10-17";9;0;21.8962078198344;0;0
2024-10-17 10:00:00;"2024-10-17";10;0;21.8839862008449;0;0
2024-10-17 11:00:00;"2024-10-17";11;0;21.8480204523005;0;0
2024-10-17 12:00:00;"2024-10-17";12;0;21.8097756606453;0;0
2024-10-17 13:00:00;"2024-10-17";13;0;21.7631592015374;0;0
2024-10-17 14:00:00;"2024-10-17";14;0.0880128292718298;21.6719568630567;0;0
2024-10-17 15:00:00;"2024-10-17";15;0.343909632094089;21.5931950034901;0;0
2024-10-17 16:00:00;"2024-10-17";16;0.607574757653319;21.5092711994131;0;0
2024-10-17 17:00:00;"2024-10-17";17;0.839096083917528;21.4371172164646;0;0
2024-10-17 18:00:00;"2024-10-17";18;0.974736444360312;21.3953545280272;0;0
2024-10-17 19:00:00;"2024-10-17";19;1.13422638899661;21.3444949079032;0;0
2024-10-17 20:00:00;"2024-10-17";20;1.19800003463878;21.3244285681094;0;0
2024-10-17 21:00:00;"2024-10-17";21;1.21394066085567;21.3193084794337;0;0
2024-10-17 22:00:00;"2024-10-17";22;1.22191143532717;21.3168707660206;0;0
2024-10-17 23:00:00;"2024-10-17";23;1.22989077006198;21.3157872147436;0;0
2024-10-18 00:00:00;"2024-10-18";0;1.23785629660812;21.3125987013034;0;0
2024-10-18 01:00:00;"2024-10-18";1;1.23784798357701;21.3113230816929;0;0
2024-10-18 02:00:00;"2024-10-18";2;1.24583044691539;21.3107661980134;0;0
2024-10-18 03:00:00;"2024-10-18";3;1.25379484151823;21.3074794811327;0;0
2024-10-18 04:00:00;"2024-10-18";4;1.25379052709366;21.3068260050283;0;0
2024-10-18 05:00:00;"2024-10-18";5;1.26177250593839;21.306231816874;0;0
2024-10-18 06:00:00;"2024-10-18";6;1.26176171914509;21.3046084734768;0;0
2024-10-18 07:00:00;"2024-10-18";7;1.2697367225476;21.3029889484549;0;0
2024-10-18 08:00:00;"2024-10-18";8;1.28567690196898;21.2983595541707;0;0
2024-10-18 09:00:00;"2024-10-18";9;1.28566486253429;21.2965820465914;0;0
2024-10-18 10:00:00;"2024-10-18";10;1.30957645031488;21.290075327812;0;0
2024-10-18 11:00:00;"2024-10-18";11;1.39720192965741;21.2613103633173;0;0
2024-10-18 12:00:00;"2024-10-18";12;1.55648458146374;21.2129694428877;0;0
2024-10-18 13:00:00;"2024-10-18";13;1.73952533612272;21.1538695354555;0;0
2024-10-18 14:00:00;"2024-10-18";14;1.89862610459038;21.1054013741759;0;0
2024-10-18 15:00:00;"2024-10-18";15;2.20065472565801;21.0104728153284;0;0
2024-10-18 16:00:00;"2024-10-18";16;2.31978055327579;20.9721705830483;0;0
2024-10-18 17:00:00;"2024-10-18";17;2.5103076735582;20.9130685685083;0;0
2024-10-18 18:00:00;"2024-10-18";18;2.62138633128501;20.8782192669689;0;0
2024-10-18 19:00:00;"2024-10-18";19;2.69274753720477;20.8541552776519;0;0
2024-10-18 20:00:00;"2024-10-18";20;2.74827764058272;20.8381434575854;0;0
2024-10-18 21:00:00;"2024-10-18";21;2.75618860519713;20.8344338243155;0;0
2024-10-18 22:00:00;"2024-10-18";22;2.75619093251884;20.8345906213287;0;0
2024-10-18 23:00:00;"2024-10-18";23;2.7561860051754;20.8342586561148;0;0
2024-10-19 00:00:00;"2024-10-19";0;2.75618357003338;20.8340945973459;0;0
2024-10-19 01:00:00;"2024-10-19";1;2.76413449915184;20.8330923823805;0;0
2024-10-19 02:00:00;"2024-10-19";2;2.76412207550435;20.8322578501601;0;0
2024-10-19 03:00:00;"2024-10-19";3;2.7720493302814;20.8296783157832;0;0
2024-10-19 04:00:00;"2024-10-19";4;2.77203938976461;20.829012595862;0;0
2024-10-19 05:00:00;"2024-10-19";5;2.77999021449549;20.8280239288933;0;0
2024-10-19 06:00:00;"2024-10-19";6;2.78791578616807;20.8253596359771;0;0
2024-10-19 07:00:00;"2024-10-19";7;2.79584770576779;20.8231321982008;0;0
2024-10-19 08:00:00;"2024-10-19";8;2.80376952169707;20.8202489186589;0;0
2024-10-19 09:00:00;"2024-10-19";9;2.81171096140399;20.8186772979598;0;0
2024-10-19 10:00:00;"2024-10-19";10;2.82753686872874;20.8118232193398;0;0
2024-10-19 11:00:00;"2024-10-19";11;2.94641161672995;20.7741742627988;0;0
2024-10-19 12:00:00;"2024-10-19";12;3.06526154266887;20.7380158039853;0;0
2024-10-19 13:00:00;"2024-10-19";13;3.21570525061139;20.6904312172346;0;0
2024-10-19 14:00:00;"2024-10-19";14;3.29485690096922;20.6655413042935;0;0
2024-10-19 15:00:00;"2024-10-19";15;3.5400782877558;20.5879238245595;0;0
2024-10-19 16:00:00;"2024-10-19";16;3.76928648532543;20.515359523462;0;0
2024-10-19 17:00:00;"2024-10-19";17;3.94304025422658;20.4601661241952;0;0
2024-10-19 18:00:00;"2024-10-19";18;4.15614664579572;20.3929436520179;0;0
2024-10-19 19:00:00;"2024-10-19";19;4.27446858740475;20.3555969330687;0;0
2024-10-19 20:00:00;"2024-10-19";20;4.30602701045152;20.3462454437434;0;0
2024-10-19 21:00:00;"2024-10-19";21;4.31387126648962;20.3420236710025;0;0
2024-10-19 22:00:00;"2024-10-19";22;4.31385511425515;20.3413448421478;0;0
2024-10-19 23:00:00;"2024-10-19";23;4.32179567615904;20.3411802911632;4.32179567615904;0
2024-10-20 00:00:00;"2024-10-20";0;0;20.3378507842755;0;0
2024-10-20 01:00:00;"2024-10-20";1;0;21.8484729679222;0;0
2024-10-20 02:00:00;"2024-10-20";2;0;21.8418480142903;0;0
2024-10-20 03:00:00;"2024-10-20";3;0;21.8378453701798;0;0
2024-10-20 04:00:00;"2024-10-20";4;0;21.8327873996897;0;0
2024-10-20 05:00:00;"2024-10-20";5;0;21.8289332658052;0;0
2024-10-20 06:00:00;"2024-10-20";6;0;21.8262175208075;0;0
2024-10-20 07:00:00;"2024-10-20";7;0;21.8185866692493;0;0
2024-10-20 08:00:00;"2024-10-20";8;0;21.8154969060735;0;0
2024-10-20 09:00:00;"2024-10-20";9;0;21.8123560987824;0;0
2024-10-20 10:00:00;"2024-10-20";10;0;21.8052876272019;0;0
2024-10-20 11:00:00;"2024-10-20";11;0;21.771418840854;0;0
2024-10-20 12:00:00;"2024-10-20";12;0;21.7247905289067;0;0
2024-10-20 13:00:00;"2024-10-20";13;0.136010016245035;21.6580290139716;0;0
2024-10-20 14:00:00;"2024-10-20";14;0.351903847862385;21.5911811018841;0;0
2024-10-20 15:00:00;"2024-10-20";15;0.615563811417635;21.5076048300881;0;0
2024-10-20 16:00:00;"2024-10-20";16;0.831122476354902;21.4412058387624;0;0
2024-10-20 17:00:00;"2024-10-20";17;1.01462243022035;21.3836626710922;0;0
2024-10-20 18:00:00;"2024-10-20";18;1.13423290935252;21.3455885480817;0;0
2024-10-20 19:00:00;"2024-10-20";19;1.22988331010295;21.314634908282;0;0
2024-10-20 20:00:00;"2024-10-20";20;1.25379128168276;21.306940296146;0;0
2024-10-20 21:00:00;"2024-10-20";21;1.2617649198099;21.3050901416014;0;0
2024-10-20 22:00:00;"2024-10-20";22;1.26175732692662;21.3039475041491;0;0
2024-10-20 23:00:00;"2024-10-20";23;1.26973435834049;21.3026354265528;0;0
2024-10-21 00:00:00;"2024-10-21";0;1.27770935971512;21.3010381844502;0;0
2024-10-21 01:00:00;"2024-10-21";1;1.27769729089571;21.2992450023411;0;5.84711014147505
2024-10-21 02:00:00;"2024-10-21";2;1.28567349176059;21.2978560560937;0;0
2024-10-21 03:00:00;"2024-10-21";3;1.28566306134799;21.2963161299586;0;0
2024-10-21 04:00:00;"2024-10-21";4;1.29364345852587;21.2955696675449;0;0
2024-10-21 05:00:00;"2024-10-21";5;1.30161111504916;21.2929747074619;0;0
2024-10-21 06:00:00;"2024-10-21";6;1.30160533883385;21.2921325409253;0;0
2024-10-21 07:00:00;"2024-10-21";7;1.30160299355314;21.2917906097349;0;0
2024-10-21 08:00:00;"2024-10-21";8;1.30958327242748;21.2910638383844;0;0
2024-10-21 09:00:00;"2024-10-21";9;1.31754925903809;21.2882876359373;0;0
2024-10-21 10:00:00;"2024-10-21";10;1.33347607698308;21.2821025877776;0;0
2024-10-21 11:00:00;"2024-10-21";11;1.38127651883592;21.2671570124914;0;0
2024-10-21 12:00:00;"2024-10-21";12;1.46889365990906;21.2401176842706;0;0
2024-10-21 13:00:00;"2024-10-21";13;0;21.233440097784;0;0
2024-10-21 14:00:00;"2024-10-21";14;0;23.2303913775481;0;0
2024-10-21 15:00:00;"2024-10-21";15;0;25.1687673619796;0;0
2024-10-21 16:00:00;"2024-10-21";16;0;25.9149595773539;0;0
2024-10-21 17:00:00;"2024-10-21";17;0;26.3076111210253;0;0
2024-10-21 18:00:00;"2024-10-21";18;0;26.2965112523743;0;0
2024-10-21 19:00:00;"2024-10-21";19;0;26.2896728408209;0;0
2024-10-21 20:00:00;"2024-10-21";20;0;26.2884948766703;0;0
2024-10-21 21:00:00;"2024-10-21";21;0;26.2866807565828;0;0
2024-10-21 22:00:00;"2024-10-21";22;0;26.2872366417072;0;0
2024-10-21 23:00:00;"2024-10-21";23;0;26.2865246214806;0;0
2024-10-22 00:00:00;"2024-10-22";0;0;26.3369175664207;0;0
2024-10-22 01:00:00;"2024-10-22";1;0;26.3373080801714;0;0
2024-10-22 02:00:00;"2024-10-22";2;0;26.5365564419036;0;0
2024-10-22 03:00:00;"2024-10-22";3;0;26.5373465153876;0;0
2024-10-22 04:00:00;"2024-10-22";4;0;26.5872686749371;0;0
2024-10-22 05:00:00;"2024-10-22";5;0;26.5874069401802;0;0
2024-10-22 06:00:00;"2024-10-22";6;0;26.5872411972741;0;0
2024-10-22 07:00:00;"2024-10-22";7;0;26.5874513327709;0;0
2024-10-22 08:00:00;"2024-10-22";8;0;26.5874142934411;0;0
2024-10-22 09:00:00;"2024-10-22";9;0;26.5855446772385;0;0
2024-10-22 10:00:00;"2024-10-22";10;0;26.5820908654972;0;0
