Timestamp,Noureddine_Rojbani_TS01_solar_radiation,Noureddine_Rojbani_TS01_wind_direction,Noureddine_Rojbani_TS01_temperature,Noureddine_Rojbani_TS01_wind_speed,Noureddine_Rojbani_TS027_water_flow,Noureddine_Rojbani_TS02_cumulative_rainfall,Noureddine_Rojbani_TS02_rain_intensity,Noureddine_Rojbani_TS04_soil_moisture_20cm,Noureddine_Rojbani_TS01_air_humidity,Noureddine_Rojbani_TS05_soil_moisture_30cm,Noureddine_Rojbani_TS03_soil_moisture_10cm
2024-08-01T16:00:00,808,48.5,39.4,1.56,18398,135,0,519.6,17.6,514.2,500.5
2024-08-01T16:30:00,749,154.6,39.4,0.77,18403,135,0,519.8,18.8,514.2,500.9
2024-08-01T17:00:00,680,50.1,40.1,0.34,18403,135,0,520,20.7,514.2,501.2
2024-08-01T17:30:00,606,329.4,40.2,1.4,18403,135,0,519.9,20.3,514.3,501.5
2024-08-01T18:00:00,524,136.1,40.4,1,18406,135,0,520.1,18.3,514.2,501.7
2024-08-01T18:30:00,429,31.6,39.8,0.26,18411,135,0,520.3,17,514.2,501.9
2024-08-01T19:00:00,332,352,39.9,1.42,18416,135,0,520.3,17.2,514.2,502
2024-08-01T19:30:00,236,327.3,38.9,0.28,18422,135,0,520.3,19,514.1,501.8
2024-08-01T20:00:00,137,89.3,37.9,0.46,18427,135,0,520.3,21.5,513.7,501.5
2024-08-01T20:30:00,43,166.9,36.4,0.38,18433,135,0,520.2,25.4,513.4,501.1
2024-08-01T21:00:00,13,158.8,35.1,0.32,18438,135,0,520.2,28.4,513.3,500.8
2024-08-01T21:30:00,0,180.6,33.8,0.29,18440,135,0,520.3,29.4,513.3,500.5
2024-08-01T22:00:00,0,181.4,32.5,0.69,18440,135,0,520.3,36.9,513.2,500.2
2024-08-01T22:30:00,0,170.2,31.4,0.11,18440,135,0,520.3,41.4,513.2,499.9
2024-08-01T23:00:00,0,203.8,30.5,0.07,18440,135,0,520.5,43.9,513.2,499.6
2024-08-01T23:30:00,0,105.9,29.7,0.26,18440,135,0,520.4,44.3,513.1,499.2
2024-08-02T00:00:00,0,42.4,29.3,0.23,18440,135,0,520.5,43.9,513.2,498.9
2024-08-02T00:30:00,0,195.6,29.1,0.1,18440,135,0,520.5,45.1,513.2,498.7
2024-08-02T01:00:00,0,42.3,27.9,0.11,18440,135,0,520.4,49.4,513.2,498.4
2024-08-02T01:30:00,0,132.3,27.6,0.23,18440,135,0,520.5,52.4,513.3,498.2
2024-08-02T02:00:00,0,117.3,27.2,0.61,18440,135,0,520.3,53,513.3,498
2024-08-02T02:30:00,0,54.8,26.6,0.07,18440,135,0,520.4,55,513.3,497.9
2024-08-02T03:00:00,0,147.5,26.1,0.27,18440,135,0,520.3,54.5,513.3,497.5
2024-08-02T03:30:00,1,158.8,25.8,0.05,18440,135,0,520.2,54.2,513.3,497.4
2024-08-02T04:00:00,1,134.8,25.1,0.51,18446,135,0,520.2,55.4,513.2,497.2
2024-08-02T04:30:00,2,132.4,25.3,0.19,18452,135,0,520.2,50.3,513.2,497.1
2024-08-02T05:00:00,0,54.7,25,0.21,18457,135,0,519.9,50.5,513.2,496.8
2024-08-02T05:30:00,0,54.7,23.9,0.16,18462,135,0,519.8,54.3,513.3,496.7
2024-08-02T06:00:00,1,352.8,23.3,0.15,18468,135,0,519.9,57.5,513.2,496.5
2024-08-02T06:30:00,1,262.9,23.1,0.1,18473,135,0,519.8,54.9,513.2,496.3
2024-08-02T07:00:00,0,47,22.6,0.27,18479,135,0,519.6,58.1,513.2,496.2
2024-08-02T07:30:00,4,222.1,22.2,0.16,18484,135,0,519.5,57.4,513.2,495.9
2024-08-02T08:00:00,27,279.6,22.2,0.3,18490,135,0,519.5,58,513.1,495.9
2024-08-02T08:30:00,77,293.9,23.7,0,18495,135,0,519.4,51.2,513.3,495.9
2024-08-02T09:00:00,72,23.7,26.1,0.11,18499,135,0,519.4,47.5,513.5,495.9
2024-08-02T09:30:00,166,37.7,28.6,0.31,18499,135,0,519.5,40.3,513.8,496.1
2024-08-02T10:00:00,416,48.8,31.4,0.62,18499,135,0,519.5,31,514,496.3
2024-08-02T10:30:00,518,69,33.9,0.16,18499,135,0,519.5,27.5,514.1,496.5
2024-08-02T11:00:00,621,17.5,35.9,0.67,18499,135,0,519.6,21,514.2,496.7
2024-08-02T11:30:00,710,358.9,37.3,0.64,NaN,135,0,519.6,21.1,514.2,496.9
2024-08-02T12:30:00,849,175,39.9,1.78,18500,135,0,519.5,12,514.4,497.6
2024-08-02T13:00:00,890,50.4,40.5,0.16,18506,135,0,519.5,13.6,514.3,498.1
2024-08-02T13:30:00,921,264.9,40.5,0.4,18511,135,0,519.5,12,514.3,498.5
2024-08-02T14:00:00,928,140.5,41.2,0.35,18517,135,0,519.5,12.2,514.3,499
2024-08-02T14:30:00,921,52.8,41.7,0.11,18522,135,0,519.5,13.2,514.4,499.5
2024-08-02T15:00:00,896,135.7,42.4,0.41,18528,135,0,519.6,11.6,514.5,500
2024-08-02T15:30:00,857,217.8,42.1,0.17,18533,135,0,519.8,13.7,514.5,500.4
2024-08-02T16:00:00,813,38.5,42,1.23,18538,135,0,519.8,11.9,514.5,500.8
2024-08-02T16:30:00,750,185.3,43,0.37,18544,135,0,520.1,11.2,514.5,501.2
2024-08-02T17:00:00,688,282.4,43.8,0.16,18545,135,0,520.2,11.4,514.5,501.5
2024-08-02T17:30:00,607,46.8,43.8,1.48,18545,135,0,520.2,11.5,514.5,501.8
2024-08-02T18:00:00,524,262.6,43.7,0.22,18545,135,0,520.4,12.1,514.6,502.2
2024-08-02T18:30:00,431,226.7,43.6,0.17,18545,135,0,520.4,9.6,514.5,502.2
2024-08-02T19:00:00,334,330.4,43.6,0.79,18545,135,0,520.4,13.9,514.4,502.4
2024-08-02T19:30:00,231,48.8,43.5,0.82,18545,135,0,520.6,10.8,514.4,502.3
2024-08-02T20:00:00,129,70.3,39.9,2.07,18545,135,0,520.6,17.3,513.8,501.9
2024-08-02T20:30:00,42,133,37.9,1.99,18545,135,0,520.4,21.8,513.5,501.4
2024-08-02T21:00:00,12,5.3,36.5,0.48,18545,135,0,520.4,23,513.4,501.1
2024-08-02T21:30:00,0,158.8,35.3,0.54,18545,135,0,520.4,25.2,513.3,500.9
2024-08-02T22:00:00,0,196.7,33.9,0.6,18545,135,0,520.6,29.5,513.2,500.4
2024-08-02T22:30:00,0,189.6,33.7,0.31,18545,135,0,520.6,27.8,513.3,500.1
2024-08-02T23:00:00,0,149.4,33.1,0.66,18545,135,0,520.7,25,513.3,499.8
2024-08-02T23:30:00,0,178.3,32.7,0.97,18545,135,0,520.6,24.2,513.3,499.5
2024-08-03T00:00:00,0,175.1,32.5,1.35,18545,135,0,520.7,25.7,513.3,499.3
2024-08-03T00:30:00,0,189.7,32,0.94,18545,135,0,520.7,25.5,513.4,498.9
2024-08-03T01:00:00,0,171.5,32.1,1.22,18545,135,0,520.6,22.7,513.3,498.7
2024-08-03T01:30:00,0,113.8,31.5,0.79,18545,135,0,520.7,23.9,513.4,498.5
2024-08-03T02:00:00,0,90.6,29.7,0.28,18545,135,0,520.7,27.1,513.4,498.2
2024-08-03T02:30:00,0,114.1,28.9,0.21,18545,135,0,520.6,28.4,513.4,497.9
2024-08-03T03:00:00,0,144.9,27.6,0.22,18545,135,0,520.6,31.4,513.3,497.6
2024-08-03T03:30:00,0,185.3,26.8,0.14,18551,135,0,520.5,33.1,513.3,497.4
2024-08-03T04:00:00,0,265.7,26.6,0.55,18556,135,0,520.5,33.5,513.3,497.2
2024-08-03T04:30:00,0,125.2,26.2,0.95,18562,135,0,520.3,34.5,513.3,497
2024-08-03T05:00:00,1,212,27.8,0.26,18567,135,0,520.4,31.3,513.4,496.8
2024-08-03T05:30:00,0,234.7,27,0.05,18572,135,0,520.3,33.6,513.4,496.7
2024-08-03T06:00:00,0,278.6,26.7,0.43,18578,135,0,520.1,32.5,513.3,496.5
2024-08-03T06:30:00,2,194.3,27.3,0.45,18583,135,0,520.1,32.7,513.4,496.4
2024-08-03T07:00:00,0,5.4,26.9,0.23,18589,135,0,520.1,37.2,513.3,496.2
2024-08-03T07:30:00,2,352.8,25.6,0.21,18594,135,0,520,38.5,513.3,496
2024-08-03T08:00:00,28,248.8,25.3,0.1,18600,135,0,519.9,37.7,513.3,496
2024-08-03T08:30:00,63,23.9,26.5,0.05,18605,135,0,519.7,40.4,513.4,495.9
2024-08-03T09:00:00,88,279.2,28.7,0.75,18610,135,0,519.8,30.5,513.6,496
2024-08-03T09:30:00,124,48.3,31.2,0.45,18616,135,0,519.7,33.4,513.9,496.2
2024-08-03T10:00:00,391,179.5,33.4,0.46,18621,135,0,519.6,26,514.1,496.3
2024-08-03T10:30:00,488,29.1,36.3,0.4,18627,135,0,519.7,20.4,514.3,496.6
2024-08-03T11:00:00,593,121,37.8,0.6,18632,135,0,519.7,18.4,514.3,496.7
2024-08-03T12:30:00,826,170.1,41.8,0.15,18648,135,0,519.8,12.5,514.5,497.7
2024-08-03T13:00:00,874,191.4,42.9,2.37,18654,135,0,519.7,11.5,514.6,498.1
2024-08-03T13:30:00,910,171.4,43.5,1.78,18659,135,0,519.7,9.3,514.5,498.5
2024-08-03T14:00:00,905,197.5,42.9,2.42,18665,135,0,519.7,9.6,514.5,499
2024-08-03T14:30:00,893,220.2,44.2,3.63,18670,135,0,519.7,9,514.5,499.3
2024-08-03T15:00:00,864,226.7,44.4,1.91,18675,135,0,519.7,9.7,514.5,499.8
2024-08-03T15:30:00,847,203.8,44.8,1.05,18679,135,0,520,9,514.6,500.3
2024-08-03T16:00:00,789,187,45.2,0.82,18679,135,0,520.1,8.8,514.6,500.6
2024-08-03T16:30:00,733,177.1,45.2,1.24,18679,135,0,520.1,9.2,514.5,501
2024-08-03T17:00:00,616,187.7,44.7,1.15,18679,135,0,520.1,8.3,514.4,501.1
2024-08-03T17:30:00,593,220.1,45.1,2.11,18679,135,0,520.3,7.9,514.5,501.4
2024-08-03T18:00:00,510,182.1,45.7,1.39,18679,135,0,520.4,7.9,514.5,501.7
2024-08-03T18:30:00,457,164.3,44.8,0.56,18679,135,0,520.3,11.3,514.3,501.7
2024-08-03T19:00:00,320,189.6,45.1,0.65,18679,135,0,520.6,8.3,514.4,501.9
2024-08-03T19:30:00,192,212.5,44.4,0.74,18684,135,0,520.6,8.8,514.2,501.7
2024-08-03T20:00:00,119,215,43.8,1.2,18690,135,0,520.5,8.8,513.9,501.3
2024-08-03T20:30:00,45,203.7,42.9,1.27,18695,135,0,520.5,9.4,513.7,501.1
2024-08-03T21:00:00,9,203.8,41.5,0.59,18700,135,0,520.6,9.8,513.6,500.8
2024-08-03T21:30:00,0,170.2,40.1,0.56,18706,135,0,520.5,10.1,513.5,500.5
2024-08-03T22:00:00,0,284.9,35.2,2.19,18709,135,0,520.6,36.3,513.5,500.3
2024-08-03T22:30:00,1,54.5,35,3.09,18709,135,0,520.5,31.7,513.5,499.9
2024-08-03T23:00:00,0,304.4,32.6,0,18709,135,0,520.6,47.4,513.5,499.6
2024-08-03T23:30:00,0,290.3,31,1.17,18709,135,0,520.6,55.8,513.4,499.3
2024-08-04T00:00:00,0,277,29.8,0.91,18709,135,0,520.5,66.7,513.5,499.1
2024-08-04T00:30:00,0,62.1,28.8,0.91,18709,135,0,520.6,74.1,513.5,498.9
2024-08-04T01:00:00,0,302,28.5,1.05,18709,135,0,520.5,71.4,513.5,498.6
2024-08-04T01:30:00,0,224.4,28.4,0.63,18709,135,0,520.6,69.2,513.5,498.5
2024-08-04T02:00:00,0,330.2,28,1.41,18709,135,0,520.5,71,513.6,498.3
2024-08-04T02:30:00,0,334.1,27.7,1.28,18709,135,0,520.4,71.8,513.6,498.1
2024-08-04T03:00:00,0,269.5,27.4,0.45,18709,135,0,520.3,75.1,513.6,497.9
2024-08-04T03:30:00,0,306.7,27.4,1.19,18709,135,0,520.4,72,513.6,497.7
2024-08-04T04:00:00,0,41.6,27.2,2.09,18709,135,0,520.2,70.5,513.6,497.5
2024-08-04T04:30:00,0,324.9,26.9,0.16,18712,135,0,520.2,70.2,513.6,497.4
2024-08-04T05:00:00,0,317.1,26.1,0.28,18718,135,0,520.2,74.1,513.6,497.2
2024-08-04T05:30:00,0,354.8,25.8,0.38,18723,135,0,520.1,77.1,513.5,497
2024-08-04T06:00:00,0,334.1,25.9,1.27,18728,135,0,520,80.3,513.6,496.8
2024-08-04T06:30:00,0,322.9,26,0.77,18734,135,0,519.9,81.9,513.6,496.8
2024-08-04T07:00:00,0,350.1,26.1,0.27,18739,135,0,519.9,82.9,513.6,496.6
2024-08-04T07:30:00,3,285.7,26,0.25,18744,135,0,519.7,83.4,513.6,496.5
2024-08-04T08:00:00,23,10.6,26.2,0.5,18750,135,0,519.7,83,513.6,496.4
2024-08-04T08:30:00,116,307.6,27,1.43,18755,135,0,519.7,79.6,513.7,496.3
2024-08-04T09:00:00,121,42.9,27.4,1.93,18761,135,0,519.7,77.9,513.7,496.3
2024-08-04T09:30:00,136,45.6,27.9,0.8,18766,135,0,519.5,72.4,513.8,496.3
2024-08-04T10:00:00,378,37.3,29.7,1.13,18771,135,0,519.6,66.4,514.1,496.6
2024-08-04T10:30:00,179,44.3,28.7,0.63,18777,135,0,519.6,65.3,513.8,496.4
2024-08-04T11:00:00,650,42.8,30.2,2.06,18782,135,0,519.5,58.1,514.1,496.7
2024-08-04T11:30:00,724,289.7,30.5,1.02,18788,135,0,519.5,56.8,514,496.7
2024-08-04T12:30:00,897,52.9,31.6,1.79,18798,135,0,519.6,55.7,514.1,497.1
2024-08-04T13:00:00,944,2.3,32.3,1.34,18799,135,0,519.5,52.7,514.2,497.4
2024-08-04T13:30:00,925,49.8,32.3,2.15,18799,135,0,519.5,49.3,514.1,497.7
2024-08-04T14:00:00,912,33.3,32.8,3.85,18799,135,0,519.5,50.2,514.1,498.1
2024-08-04T14:30:00,755,284.6,33.3,1.18,18803,135,0,519.5,50.6,514.1,498.4
2024-08-04T15:00:00,867,15.6,32.5,2.65,18808,135,0,519.6,51.2,514.1,498.8
2024-08-04T15:30:00,835,62.7,33.7,1.02,18813,135,0,519.5,49.9,514.1,499.1
2024-08-04T16:00:00,797,33.1,33.9,1.38,18819,135,0,519.7,42.6,514.2,499.5
2024-08-04T16:30:00,739,311.4,33.7,1.87,18824,135,0,519.6,38.4,514.1,499.7
2024-08-04T17:00:00,675,68.7,34.4,2.24,18830,135,0,519.8,35.4,514.1,500
2024-08-04T17:30:00,596,335.9,34.3,1.14,18835,135,0,520,36.5,514.1,500.1
2024-08-04T18:00:00,510,75.7,34.7,0.87,18841,135,0,520,36.6,514.2,500.5
2024-08-04T18:30:00,408,352,34.8,1.18,18846,135,0,520.2,40,514.2,500.4
2024-08-04T19:00:00,316,40.9,34.4,1.4,18851,135,0,520.1,43.3,514.1,500.5
2024-08-04T19:30:00,222,348.8,32.9,0.61,18852,135,0,520.2,51.5,513.9,500.4
2024-08-04T20:00:00,126,35.2,31.8,2.44,18852,135,0,520.2,54.1,513.6,500
2024-08-04T20:30:00,43,9.2,30.2,1.37,18852,135,0,520,58.1,513.4,499.8
2024-08-04T21:00:00,13,51.2,29.3,2.13,18852,135,0,520,58.5,513.3,499.5
2024-08-04T21:30:00,0,18.6,28.9,0.4,18852,135,0,520.1,55.3,513.3,499.2
2024-08-04T22:00:00,0,18,28.3,0.73,18852,135,0,520.2,59.8,513.3,498.9
2024-08-04T22:30:00,0,237.6,27.8,0.27,18852,135,0,520.2,62.7,513.3,498.7
2024-08-04T23:00:00,0,33.7,27.8,0.64,18852,135,0,520.1,62.9,513.3,498.5
2024-08-04T23:30:00,0,23.8,27.1,0.28,18852,135,0,520.3,67.9,513.3,498.2
2024-08-05T00:00:00,0,5.2,26.5,0.19,18852,135,0,520.1,70.7,513.3,497.9
2024-08-05T00:30:00,0,5.3,25.9,0.16,18852,135,0,520.1,73.2,513.3,497.6
2024-08-05T01:00:00,0,338.8,25.6,0.21,18852,135,0,520.2,74.8,513.3,497.4
2024-08-05T01:30:00,0,309.1,25,0.42,18852,135,0,520.1,78.2,513.4,497.2
2024-08-05T02:00:00,0,5.3,24.4,0.11,18852,135,0,520.1,80.1,513.4,497.1
2024-08-05T02:30:00,0,352.7,23.9,0.21,18852,135,0,520,82.2,513.4,496.9
2024-08-05T03:00:00,0,338.8,23.9,0.26,18852,135,0,519.9,83.2,513.4,496.7
2024-08-05T03:30:00,0,324.7,23.8,0.1,18852,135,0,519.8,84.3,513.4,496.5
2024-08-05T04:00:00,0,23.6,23.7,0.11,18858,135,0,519.6,84.9,513.4,496.4
2024-08-05T04:30:00,0,23.7,23.5,0.11,18863,135,0,519.7,86.2,513.4,496.2
2024-08-05T05:00:00,0,302,23,0.51,18869,135,0,519.6,87.1,513.4,496
2024-08-05T05:30:00,0,5.3,22.9,0.35,18874,135,0,519.5,87.5,513.4,495.9
2024-08-05T06:00:00,0,338.8,22.7,0.21,18880,135,0,519.3,88.3,513.4,495.7
2024-08-05T06:30:00,0,312.3,22.4,0.11,18885,135,0,519.2,87.5,513.4,495.6
2024-08-05T07:00:00,0,23.6,22.1,0.16,18890,135,0,519.1,87.3,513.4,495.4
2024-08-05T07:30:00,2,264.6,22.1,0.38,18896,135,0,519,86.4,513.4,495.3
2024-08-05T08:00:00,21,285.6,22.8,0.25,18901,135,0,519,81.1,513.4,495.2
2024-08-05T08:30:00,105,307.9,23.5,0.3,18907,135,0,518.9,79.5,513.4,495.1
2024-08-05T09:00:00,98,59.3,25.4,0.96,18912,135,0,519,70.7,513.6,495.2
2024-08-05T09:30:00,314,215,26.8,0.76,18918,135,0,519.1,67.3,513.8,495.3
2024-08-05T10:00:00,424,287.4,28.2,0.66,18923,135,0,519.1,60.5,513.9,495.4
2024-08-05T10:30:00,533,348,29.6,1.69,18929,135,0,519,51.5,513.9,495.5
2024-08-05T11:00:00,630,48.3,30.3,0.45,18934,135,0,519.1,48.9,513.9,495.7
2024-08-05T11:30:00,722,80.1,31,0.82,18939,135,0,519.1,42,513.9,495.9
2024-08-05T13:00:00,896,306.5,32.4,0.7,18939,135,0,519.1,34.3,513.8,496.8
2024-08-05T13:30:00,932,269.4,32.7,0.19,18944,135,0,519,28.9,513.8,497.1
2024-08-05T14:00:00,938,75.5,32.9,0.91,18950,135,0,519,29,513.8,497.5
2024-08-05T14:30:00,927,201,33.5,0.76,18955,135,0,519,26.1,513.9,497.9
2024-08-05T15:00:00,903,71.6,33.3,1.07,18961,135,0,519.2,30.3,513.8,498.3
2024-08-05T15:30:00,867,23.7,33.9,0.51,18966,135,0,519.1,29.9,513.8,498.6
2024-08-05T16:00:00,828,288.1,33.4,0.74,18972,135,0,519.2,28.5,513.8,498.9
2024-08-05T16:30:00,765,28.4,33.7,1.76,18977,135,0,519.3,31.3,513.8,499.4
2024-08-05T17:00:00,695,318.6,33.8,0.63,18983,135,0,519.4,31.5,513.8,499.7
2024-08-05T17:30:00,622,305.6,34.1,1.09,18988,135,0,519.5,27,513.8,499.8
2024-08-05T18:00:00,537,68.5,34,1.65,18993,135,0,519.6,26.2,513.8,500
2024-08-05T18:30:00,442,167.9,34.1,0.66,18999,135,0,519.6,25.2,513.8,500
2024-08-05T19:00:00,340,68.5,33.4,0.37,19004,135,0,519.8,34.9,513.7,500.1
2024-08-05T19:30:00,240,349.8,33.1,0.55,19010,135,0,519.9,39,513.6,500
2024-08-05T20:00:00,138,195.4,32.6,0,19015,135,0,519.9,39.2,513.5,499.7
2024-08-05T20:30:00,32,50.4,31.3,0.67,19021,135,0,519.6,42.7,513.1,499.2
2024-08-05T21:00:00,10,54.8,30.2,0.66,19026,135,0,519.7,46.2,513,498.9
2024-08-05T21:30:00,0,121.1,29.2,0.59,19032,135,0,519.7,51.5,512.9,498.7
2024-08-05T22:00:00,0,34.1,28.4,0.83,19032,135,0,519.8,55.2,512.9,498.4
2024-08-05T22:30:00,0,315.6,27.7,0.4,19032,135,0,519.7,61.4,513,498.1
2024-08-05T23:00:00,0,154.4,27,0.69,19032,135.4,0.4,519.9,66,513,497.9
2024-08-05T23:30:00,0,102.5,26.3,0.38,19032,135.4,0.4,519.9,68.6,513,497.5
2024-08-06T00:00:00,0,50.4,25.5,0.33,19032,135.4,0.4,519.7,71.4,513,497.4
2024-08-06T00:30:00,0,158.8,24.9,0.1,19032,135.4,0.4,519.7,72.7,513,497.1
2024-08-06T01:00:00,0,23.8,24.4,0.21,19032,135.4,0.4,519.8,74.6,513,496.9
2024-08-06T01:30:00,0,234.7,23.7,0.21,19032,135.4,0.4,519.6,78.7,513,496.7
2024-08-06T02:00:00,0,327.5,23.8,0.27,19032,135.4,0,519.6,75.7,513,496.5
2024-08-06T02:30:00,1,185.3,23.3,0.23,19032,135.4,0,519.6,76.7,513.1,496.2
2024-08-06T03:00:00,1,185.3,22.9,0.35,19032,135.4,0,519.5,76.5,513,496
2024-08-06T03:30:00,1,338.8,22.6,0.26,19032,135.4,0,519.4,80.4,513,495.8
2024-08-06T04:00:00,0,275.5,22,0.07,19032,135.4,0,519.4,79.5,513.1,495.7
2024-08-06T04:30:00,1,68.7,21.5,0,19035,135.4,0,519.3,81.3,513,495.5
2024-08-06T05:00:00,0,211.8,21.3,0.25,19041,135.4,0,519.2,80.2,513.1,495.3
2024-08-06T05:30:00,0,275.4,21.1,0.34,19046,135.4,0,519.2,82.6,513,495.2
2024-08-06T06:00:00,1,23.7,21.2,0.05,19051,135.4,0,519.1,84.2,513,495.1
2024-08-06T06:30:00,0,293.8,21.5,0.56,19057,135.4,0,519,85.1,513.1,494.9
2024-08-06T07:00:00,0,299.4,21.7,0.71,19062,135.4,0,518.9,84.1,513.1,494.8
2024-08-06T07:30:00,3,5.2,21.9,0.1,19068,135.4,0,518.8,82,513,494.7
2024-08-06T08:00:00,21,312.1,22,0.18,19073,135.4,0,518.8,81,513,494.5
2024-08-06T08:30:00,97,324.8,22.9,0.1,19079,135.4,0,518.7,79.9,513.1,494.5
2024-08-06T09:00:00,74,248.9,24.8,0.11,19084,135.4,0,518.7,76.6,513.3,494.6
2024-08-06T09:30:00,272,322.9,25.9,0.77,19090,135.4,0,518.7,75.8,513.4,494.7
2024-08-06T10:00:00,444,357.3,27.7,0.33,19095,135.4,0,518.8,69.9,513.5,494.9
2024-08-06T10:30:00,510,42.2,28.6,0.23,19101,135.4,0,518.7,65.7,513.6,495
2024-08-06T11:00:00,636,44.3,29.5,0.63,19106,135.4,0,518.7,61.6,513.6,495.2
2024-08-06T11:30:00,729,68.8,30.2,0.63,19111,135.4,0,518.7,54.5,513.6,495.4
2024-08-06T12:00:00,797,277.5,30.7,0.67,19117,135.4,0,518.6,53,513.6,495.6
2024-08-06T13:00:00,900,8.8,32.2,1.18,19128,135.4,0,518.6,42.7,513.6,496.4
2024-08-06T13:30:00,930,26.7,32.5,1.39,19133,135.4,0,518.7,42.6,513.6,496.8
2024-08-06T14:00:00,934,342.2,32.9,0.92,19139,135.4,0,518.7,43.2,513.6,497.1
2024-08-06T14:30:00,922,41,32.8,1.15,19144,135.4,0,518.7,42.1,513.5,497.4
2024-08-06T15:00:00,891,326.6,33.5,1.79,19150,135.4,0,518.8,38.4,513.6,498
2024-08-06T15:30:00,854,0.7,33.7,0.29,19155,135.4,0,518.8,38.6,513.6,498.4
2024-08-06T16:00:00,817,57.4,33.8,0.27,19160,135.4,0,518.8,41.7,513.6,498.8
2024-08-06T16:30:00,754,1.3,34.3,0.7,19166,135.4,0,519,38.5,513.6,499
2024-08-06T17:00:00,705,290.9,34.6,1.54,19171,135.4,0,519.1,42,513.6,499.4
2024-08-06T17:30:00,602,20.1,33.7,1.24,19177,135.4,0,519.1,44,513.6,499.5
2024-08-06T18:00:00,520,356.9,33.6,1.03,19182,135.4,0,519.2,43.3,513.6,499.7
2024-08-06T18:30:00,425,5,33.4,1.07,19188,135.4,0,519.3,42.3,513.6,499.7
2024-08-06T19:00:00,332,321.9,33.4,0.56,19193,135.4,0,519.4,40.5,513.5,499.9
2024-08-06T19:30:00,236,76.6,32.8,0.38,19198,135.4,0,519.4,43.3,513.5,499.9
2024-08-06T20:00:00,135,61.5,32.1,0.43,19204,135.4,0,519.5,45.8,513.2,499.5
2024-08-06T20:30:00,29,68.7,30.7,0.47,19209,135.4,0,519.3,48.3,512.9,499
2024-08-06T21:00:00,10,33.3,29.6,0.45,19215,135.4,0,519.4,51.3,512.8,498.8
2024-08-06T21:30:00,0,53,28.9,0.38,19220,135.4,0,519.5,53.7,512.7,498.5
2024-08-06T22:00:00,0,275.5,27.9,0.23,19222,135.4,0,519.4,56.7,512.7,498.2
2024-08-06T22:30:00,0,19,27.2,0.87,19222,135.4,0,519.5,60,512.7,497.9
2024-08-06T23:00:00,0,23.9,26.7,0.11,19222,135.4,0,519.5,68.2,512.8,497.6
2024-08-06T23:30:00,0,120.2,26,0.32,19222,135.4,0,519.5,72.2,512.8,497.4
2024-08-07T00:00:00,0,158.8,25.6,0.85,19222,135.4,0,519.5,74.4,512.8,497.2
2024-08-07T00:30:00,0,140.4,25.1,0.33,19222,135.4,0,519.5,77,512.8,496.9
2024-08-07T01:00:00,0,158.8,24.6,0,19222,135.4,0,519.5,77.7,512.9,496.7
2024-08-07T01:30:00,0,158.8,24.1,0.26,19222,135.4,0,519.4,80,512.9,496.4
2024-08-07T02:00:00,0,15.6,23.6,0.25,19222,135.4,0,519.3,82.5,512.8,496.2
2024-08-07T02:30:00,1,185.3,23,0.07,19222,135.4,0,519.3,84.9,512.9,496
2024-08-07T03:00:00,0,95.4,22.8,0.07,19222,135.4,0,519.2,87.2,512.9,495.9
2024-08-07T03:30:00,1,23.8,22.4,0.18,19226,135.4,0,519.1,88.4,512.9,495.7
2024-08-07T04:00:00,0,352.7,22.4,0.16,19231,135.4,0,519.2,88.2,513,495.6
2024-08-07T04:30:00,0,338.8,22,0.14,19237,135.4,0,519.1,87,512.9,495.4
2024-08-07T05:00:00,0,303.3,21.9,0.44,19242,135.4,0,518.9,87.6,512.9,495.3
2024-08-07T05:30:00,0,241.7,22.1,0.41,19247,135.4,0,518.8,88.5,512.9,495.1
2024-08-07T06:00:00,0,309.2,21.8,0.42,19253,135.4,0,518.7,86.9,513,495
2024-08-07T06:30:00,0,312.1,21.8,0.46,19258,135.4,0,518.7,88.7,512.9,494.8
2024-08-07T07:00:00,0,144.8,21.7,0.14,19261,135.4,0,518.6,89,512.9,494.7
2024-08-07T07:30:00,2,68.8,21.6,0.2,19261,135.4,0,518.5,90.8,513,494.6
2024-08-07T08:00:00,20,338.7,21.5,0.11,19261,135.4,0,518.4,91.8,512.9,494.5
2024-08-07T08:30:00,45,338.7,22.1,0.31,19262,135.4,0,518.4,93,512.9,494.4
2024-08-07T09:00:00,91,23.7,23.8,0.15,19267,135.4,0,518.4,90.7,513.1,494.4
2024-08-07T09:30:00,147,348.2,25.3,0.32,19273,135.4,0,518.4,80.5,513.2,494.5
2024-08-07T10:00:00,304,20.7,26.4,0.68,19278,135.4,0,518.4,74.9,513.1,494.5
2024-08-07T10:30:00,463,211.8,28.8,0.11,19284,135.4,0,518.5,64.7,513.5,495
2024-08-07T11:00:00,306,232.6,28.8,0.38,19289,135.4,0,518.5,63.6,513.3,494.9
2024-08-07T11:30:00,754,40.5,29.2,0.79,19294,135.4,0,518.3,59.9,513.3,495.2
2024-08-07T13:00:00,895,338.8,31.6,0.27,19311,135.4,0,518.3,51.4,513.5,496
2024-08-07T13:30:00,918,62.5,31.9,0.48,19316,135.4,0,518.4,48.3,513.5,496.5
2024-08-07T14:00:00,940,349.4,33.1,0.89,19321,135.4,0,518.4,40.3,513.5,496.9
2024-08-07T14:30:00,915,23.7,33.1,0.65,19327,135.4,0,518.5,41.7,513.5,497.3
2024-08-07T15:00:00,892,48.4,34,0.91,19332,135.4,0,518.5,37.1,513.6,497.8
2024-08-07T15:30:00,853,312.3,34.1,0.6,19338,135.4,0,518.5,36.9,513.5,498.1
2024-08-07T16:00:00,801,31.1,34.9,0.87,19343,135.4,0,518.6,39,513.6,498.6
2024-08-07T16:30:00,747,306,34.8,0.9,19348,135.4,0,518.7,42.6,513.5,498.9
2024-08-07T17:00:00,667,189.5,35.1,0.32,19354,135.4,0,518.8,42.3,513.6,499.2
2024-08-07T17:30:00,612,35.6,34.8,2.7,19359,135.4,0,518.8,42.2,513.5,499.4
2024-08-07T18:00:00,518,307.6,34.3,0.63,19364,135.4,0,518.9,42.1,513.5,499.6
2024-08-07T18:30:00,430,0.2,33.9,0.58,19370,135.4,0,519.1,43.4,513.4,499.8
2024-08-07T19:00:00,326,79.8,33.7,0.27,19375,135.4,0,519.1,44.3,513.4,499.8
2024-08-07T19:30:00,238,32.7,33.3,2.09,19381,135.4,0,519.2,42,513.3,499.7
2024-08-07T20:00:00,133,0.4,32.5,0.57,19386,135.4,0,519.2,45.1,513.1,499.4
2024-08-07T20:30:00,28,234.8,30.7,0.1,19391,135.4,0,519.1,49.5,512.7,499
2024-08-07T21:00:00,8,306.9,29.3,0.5,19397,135.4,0,519.2,52.8,512.6,498.7
2024-08-07T21:30:00,0,279.9,28,0.62,19402,135.4,0,519.2,55.9,512.5,498.3
2024-08-07T22:00:00,0,43.7,27.6,0.98,19408,135.4,0,519.3,59.1,512.5,498
2024-08-07T22:30:00,1,92.3,26.8,0.4,19413,135.4,0,519.2,66.1,512.6,497.8
2024-08-07T23:00:00,0,267.3,26.4,0.5,19418,135.4,0,519.4,70.4,512.6,497.5
2024-08-07T23:30:00,0,23.9,25.5,0.05,19424,135.4,0,519.2,73.6,512.6,497.3
2024-08-08T00:00:00,0,105.7,24.6,0,19429,135.4,0,519.3,77.7,512.6,497
2024-08-08T00:30:00,1,113.9,24,0.21,19435,135.4,0,519.2,81.6,512.6,496.7
2024-08-08T01:00:00,0,158.8,23.4,0.15,19440,135.4,0,519.2,82.5,512.7,496.4
2024-08-08T01:30:00,0,158.8,23,0.05,19445,135.4,0,519.1,84.4,512.8,496.2
2024-08-08T02:00:00,0,174.7,23.1,0.38,19451,135.4,0,519.1,83.2,512.8,496
2024-08-08T02:30:00,0,68.8,22.9,0,19456,135.4,0,519,82.7,512.8,495.9
2024-08-08T03:00:00,1,180.5,22.4,0.28,19460,135.4,0,519,85.7,512.8,495.7
2024-08-08T03:30:00,0,260.1,22.2,0.11,19460,135.4,0,518.9,85.1,512.8,495.5
2024-08-08T04:00:00,0,158.8,22.3,0.16,19460,135.4,0,518.9,86.2,512.8,495.4
2024-08-08T04:30:00,0,185.3,22.2,0.15,19465,135.4,0,518.8,86.4,512.8,495.2
2024-08-08T05:00:00,0,338.8,22,0.2,19470,135.4,0,518.7,87.6,512.9,495
2024-08-08T05:30:00,1,338.8,21.7,0.05,19476,135.4,0,518.7,89.4,512.9,494.9
2024-08-08T06:00:00,1,338.8,21.3,0.2,19481,135.4,0,518.5,90.6,512.9,494.7
2024-08-08T06:30:00,1,23.7,20.9,0.16,19486,135.4,0,518.4,91.8,512.8,494.6
2024-08-08T07:00:00,0,329.4,21,0.32,19492,135.4,0,518.3,91.6,512.9,494.5
2024-08-08T07:30:00,2,23.8,20.8,0.11,19497,135.4,0,518.2,92.3,512.9,494.4
2024-08-08T08:00:00,22,95.4,20.8,0.05,19503,135.4,0,518.1,93.2,512.9,494.3
2024-08-08T08:30:00,81,203.8,22,0.1,19508,135.4,0,518,94.3,513,494.2
2024-08-08T09:00:00,112,316.8,23,0.28,19514,135.4,0,518,93.9,513,494.2
2024-08-08T09:30:00,169,317.1,24.6,0.28,19519,135.4,0,518.2,87.3,513,494.2
2024-08-08T10:00:00,213,38.8,26.1,0.86,19525,135.4,0,518.1,76.1,513.1,494.4
2024-08-08T10:30:00,398,180.5,27.7,0.28,19530,135.4,0,518,68.3,513.2,494.5
2024-08-08T11:00:00,627,234.7,28.8,0.11,19536,135.4,0,518.1,64.7,513.4,494.8
2024-08-08T11:30:00,709,303.3,29.9,0.91,19541,135.4,0,518.1,60.2,513.4,495
2024-08-08T12:00:00,785,58.5,30.6,0.59,19546,135.4,0,518.2,57.3,513.3,495.2