Timestamp,Noureddine_Rojbani_TS08_soil_moisture_30cm,Noureddine_Rojbani_TS07_soil_moisture_20cm,Noureddine_Rojbani_TS06_soil_moisture_10cm
2024-10-12T23:30:00,27.7,28.3,28.4
2024-10-13T00:00:00,27.7,28.3,28.1
2024-10-13T00:30:00,27.7,28.3,27.8
2024-10-13T01:00:00,27.8,28.3,27.6
2024-10-13T01:30:00,27.8,28.2,27.3
2024-10-13T02:00:00,27.8,28.2,27.1
2024-10-13T02:30:00,27.8,28.1,26.8
2024-10-13T03:00:00,27.8,28.1,26.6
2024-10-13T04:00:00,27.8,27.9,26.2
2024-10-13T04:30:00,27.8,27.9,26
2024-10-13T05:00:00,27.8,27.8,25.8
2024-10-13T05:30:00,27.8,27.7,25.6
2024-10-13T06:00:00,27.8,27.7,25.4
2024-10-13T06:30:00,27.8,27.6,25.3
2024-10-13T07:00:00,27.8,27.5,25.1
2024-10-13T07:30:00,27.8,27.5,25
2024-10-13T08:00:00,27.8,27.4,24.8
2024-10-13T08:30:00,27.8,27.3,24.7
2024-10-13T09:00:00,27.7,27.2,24.5
2024-10-13T09:30:00,27.7,27.1,24.4
2024-10-13T10:00:00,27.7,27.1,24.3
2024-10-13T10:30:00,27.7,27,24.3
2024-10-13T11:00:00,27.6,26.9,24.4
2024-10-13T11:30:00,27.6,26.8,24.6
2024-10-13T12:00:00,27.6,26.8,25
2024-10-13T12:30:00,27.6,26.7,25.5
2024-10-13T13:00:00,27.5,26.7,26
2024-10-13T13:30:00,27.5,26.7,26.6
2024-10-13T14:00:00,27.5,26.6,27.2
2024-10-13T14:30:00,27.4,26.7,27.8
2024-10-13T15:00:00,27.4,26.7,28.4
2024-10-13T15:30:00,27.4,26.7,29
2024-10-13T16:00:00,27.4,26.8,29.6
2024-10-13T16:30:00,27.3,26.9,30.1
2024-10-13T17:00:00,27.3,27,30.5
2024-10-13T17:30:00,27.3,27.2,30.8
2024-10-13T18:00:00,27.3,27.3,31
2024-10-13T18:30:00,27.3,27.4,31.1
2024-10-13T19:00:00,27.3,27.6,31
2024-10-13T19:30:00,27.3,27.7,30.9
2024-10-13T20:00:00,27.3,27.8,30.7
2024-10-13T20:30:00,27.4,27.9,30.3
2024-10-13T21:00:00,27.4,28,30
2024-10-13T21:30:00,27.4,28.1,29.7
2024-10-13T22:00:00,27.4,28.1,29.3
2024-10-13T22:30:00,27.5,28.2,29
2024-10-13T23:00:00,27.5,28.2,28.6
2024-10-13T23:30:00,27.5,28.2,28.3
2024-10-14T00:00:00,27.5,28.2,28
2024-10-14T00:30:00,27.6,28.2,27.7
2024-10-14T01:00:00,27.6,28.1,27.4
2024-10-14T01:30:00,27.6,28.1,27.2
2024-10-14T02:00:00,27.6,28.1,26.9
2024-10-14T02:30:00,27.7,28,26.7
2024-10-14T03:00:00,27.7,27.9,26.4
2024-10-14T03:30:00,27.7,27.9,26.2
2024-10-14T04:00:00,27.7,27.8,26
2024-10-14T04:30:00,27.7,27.7,25.8
2024-10-14T05:00:00,27.7,27.7,25.6
2024-10-14T05:30:00,27.7,27.6,25.4
2024-10-14T06:00:00,27.7,27.5,25.2
2024-10-14T06:30:00,27.7,27.5,25
2024-10-14T07:00:00,27.7,27.4,24.8
2024-10-14T07:30:00,27.7,27.3,24.6
2024-10-14T08:00:00,27.6,27.2,24.5
2024-10-14T08:30:00,27.6,27.1,24.3
2024-10-14T09:00:00,27.6,27,24.1
2024-10-14T09:30:00,27.6,27,24
2024-10-14T10:00:00,27.5,26.9,23.9
2024-10-14T10:30:00,27.5,26.8,23.9
2024-10-14T11:00:00,27.5,26.7,24
2024-10-14T11:30:00,27.5,26.6,24.2
2024-10-14T12:00:00,27.4,26.6,24.6
2024-10-14T12:30:00,27.4,26.5,25
2024-10-14T13:00:00,27.4,26.5,25.5
2024-10-14T13:30:00,27.3,26.4,26
2024-10-14T14:00:00,27.3,26.4,26.6
2024-10-14T14:30:00,27.3,26.4,27.2
2024-10-14T15:00:00,27.3,26.4,27.8
2024-10-14T15:30:00,27.2,26.5,28.3
2024-10-14T16:00:00,27.2,26.5,28.9
2024-10-14T16:30:00,27.2,26.6,29.3
2024-10-14T17:00:00,27.2,26.7,29.7
2024-10-14T17:30:00,27.1,26.8,30
2024-10-14T18:00:00,27.1,27,30.3
2024-10-14T18:30:00,27.1,27.1,30.4
2024-10-14T19:00:00,27.1,27.2,30.3
2024-10-14T19:30:00,27.1,27.3,30.2
2024-10-14T20:00:00,27.1,27.4,30
2024-10-14T20:30:00,27.1,27.5,29.8
2024-10-14T21:00:00,27.2,27.6,29.5
2024-10-14T21:30:00,27.2,27.7,29.2
2024-10-14T22:00:00,27.2,27.7,28.9
2024-10-14T22:30:00,27.2,27.8,28.6
2024-10-14T23:00:00,27.3,27.8,28.3
2024-10-14T23:30:00,27.3,27.8,28.1
2024-10-15T00:00:00,27.3,27.8,27.8
2024-10-15T00:30:00,27.3,27.8,27.5
2024-10-15T01:00:00,27.3,27.8,27.3
2024-10-15T01:30:00,27.4,27.7,27
2024-10-15T02:00:00,27.4,27.7,26.8
2024-10-15T03:30:00,27.4,27.6,26.2
2024-10-15T04:00:00,27.4,27.5,26
2024-10-15T04:30:00,27.4,27.5,25.9
2024-10-15T05:00:00,27.4,27.4,25.7
2024-10-15T05:30:00,27.4,27.3,25.5
2024-10-15T06:00:00,27.4,27.3,25.3
2024-10-15T06:30:00,27.4,27.2,25.2
2024-10-15T07:00:00,27.4,27.2,25
2024-10-15T07:30:00,27.4,27.1,24.9
2024-10-15T08:00:00,27.4,27,24.7
2024-10-15T08:30:00,27.4,26.9,24.6
2024-10-15T09:00:00,27.4,26.9,24.4
2024-10-15T09:30:00,27.3,26.8,24.3
2024-10-15T10:00:00,27.3,26.7,24.2
2024-10-15T10:30:00,27.3,26.7,24.2
2024-10-15T11:00:00,27.3,26.6,24.3
2024-10-15T11:30:00,27.3,26.5,24.5
2024-10-15T12:00:00,27.2,26.5,24.8
2024-10-15T12:30:00,27.2,26.4,25.3
2024-10-15T13:00:00,27.2,26.4,25.8
2024-10-15T13:30:00,27.2,26.4,26.3
2024-10-15T14:00:00,27.1,26.4,26.9
2024-10-15T14:30:00,27.1,26.4,27.5
2024-10-15T15:00:00,27.1,26.4,28.1
2024-10-15T15:30:00,27.1,26.5,28.7
2024-10-15T16:00:00,27,26.5,29.3
2024-10-15T16:30:00,27,26.6,29.7
2024-10-15T17:00:00,27,26.7,30.1
2024-10-15T17:30:00,27,26.9,30.5
2024-10-15T18:00:00,27,27,30.7
2024-10-15T18:30:00,27,27.1,30.8
2024-10-15T19:00:00,27,27.3,30.8
2024-10-15T19:30:00,27,27.4,30.6
2024-10-15T20:00:00,27,27.5,30.4
2024-10-15T20:30:00,27.1,27.6,30.1
2024-10-15T21:00:00,27.1,27.7,29.8
2024-10-15T21:30:00,27.1,27.8,29.4
2024-10-15T22:00:00,27.1,27.8,29.1
2024-10-15T22:30:00,27.2,27.9,28.8
2024-10-15T23:00:00,27.2,27.9,28.5
2024-10-15T23:30:00,27.2,27.9,28.2
2024-10-16T00:00:00,27.3,27.9,27.9
2024-10-16T00:30:00,27.3,27.9,27.6
2024-10-16T01:00:00,27.3,27.9,27.3
2024-10-16T01:30:00,27.3,27.8,27.1
2024-10-16T02:00:00,27.3,27.8,26.8
2024-10-16T02:30:00,27.4,27.7,26.6
2024-10-16T03:30:00,27.4,27.6,26.1
2024-10-16T04:00:00,27.4,27.6,25.9
2024-10-16T04:30:00,27.4,27.5,25.7
2024-10-16T05:00:00,27.4,27.5,25.5
2024-10-16T05:30:00,27.4,27.4,25.3
2024-10-16T06:00:00,27.4,27.3,25.2
2024-10-16T06:30:00,27.4,27.2,25
2024-10-16T07:00:00,27.4,27.2,24.8
2024-10-16T07:30:00,27.4,27.1,24.7
2024-10-16T08:00:00,27.4,27,24.5
2024-10-16T08:30:00,27.3,26.9,24.4
2024-10-16T09:00:00,27.3,26.9,24.2
2024-10-16T09:30:00,27.3,26.8,24.1
2024-10-16T10:00:00,27.3,26.7,24
2024-10-16T10:30:00,27.3,26.6,24
2024-10-16T11:00:00,27.3,26.5,24
2024-10-16T11:30:00,27.2,26.5,24.2
2024-10-16T12:00:00,27.2,26.4,24.6
2024-10-16T12:30:00,27.2,26.4,25
2024-10-16T13:00:00,27.1,26.3,25.5
2024-10-16T13:30:00,27.1,26.3,26
2024-10-16T14:00:00,27.1,26.3,26.7
2024-10-16T14:30:00,27.1,26.3,27.3
2024-10-16T15:00:00,27,26.3,27.9
2024-10-16T15:30:00,27,26.3,28.5
2024-10-16T16:00:00,27,26.4,29
2024-10-16T16:30:00,27,26.5,29.4
2024-10-16T17:00:00,26.9,26.6,29.7
2024-10-16T17:30:00,26.9,26.7,30
2024-10-16T18:00:00,26.9,26.8,30.2
2024-10-16T18:30:00,26.9,27,30.3
2024-10-16T19:00:00,26.9,27.1,30.2
2024-10-16T19:30:00,26.9,27.2,30.1
2024-10-16T20:00:00,26.9,27.3,29.9
2024-10-16T20:30:00,27,27.4,29.7
2024-10-16T21:00:00,27,27.5,29.5
2024-10-16T21:30:00,27,27.6,29.2
2024-10-16T22:00:00,27,27.6,29
2024-10-16T22:30:00,27.1,27.7,28.8
2024-10-16T23:00:00,27.1,27.7,28.6
2024-10-16T23:30:00,27.1,27.7,28.3
2024-10-17T00:00:00,27.1,27.7,28.1
2024-10-17T00:30:00,27.1,27.7,27.9
2024-10-17T01:00:00,27.2,27.7,27.7
2024-10-17T01:30:00,27.2,27.7,27.5
2024-10-17T02:00:00,27.2,27.7,27.3
2024-10-17T02:30:00,27.2,27.7,27.2
2024-10-17T03:30:00,27.3,27.6,26.9
2024-10-17T04:00:00,27.3,27.6,26.7
2024-10-17T04:30:00,27.3,27.5,26.6
2024-10-17T05:00:00,27.3,27.5,26.4
2024-10-17T05:30:00,27.3,27.4,26.3
2024-10-17T06:00:00,27.3,27.4,26.1
2024-10-17T06:30:00,27.3,27.3,26
2024-10-17T07:00:00,27.3,27.3,25.8
2024-10-17T07:30:00,27.3,27.2,25.6
2024-10-17T08:00:00,27.3,27.2,25.5
2024-10-17T08:30:00,27.3,27.1,25.3
2024-10-17T09:00:00,27.3,27.1,25.2
2024-10-17T09:30:00,27.3,27,25.1
2024-10-17T10:00:00,27.3,26.9,25
2024-10-17T10:30:00,27.2,26.9,25
2024-10-17T11:00:00,27.2,26.8,25
2024-10-17T11:30:00,27.2,26.8,25.2
2024-10-17T12:00:00,27.2,26.7,25.4
2024-10-17T12:30:00,27.2,26.7,25.8
2024-10-17T13:00:00,27.2,26.6,26.2
2024-10-17T13:30:00,27.1,26.6,26.6
2024-10-17T14:00:00,27.1,26.6,27.1
2024-10-17T14:30:00,27.1,26.6,27.7
2024-10-17T15:00:00,27.1,26.7,28.2
2024-10-17T15:30:00,27.1,26.7,28.8
2024-10-17T16:00:00,27.1,26.7,29.3
2024-10-17T16:30:00,27,26.8,29.6
2024-10-17T17:00:00,27,26.9,30
2024-10-17T17:30:00,27,27,30.2
2024-10-17T18:00:00,27,27.1,30.4
2024-10-17T18:30:00,27,27.2,30.4
2024-10-17T19:00:00,27,27.3,30.4
2024-10-17T19:30:00,27,27.5,30.3
2024-10-17T20:00:00,27,27.5,30.2
2024-10-17T20:30:00,27.1,27.6,30
2024-10-17T21:00:00,27.1,27.7,29.7
2024-10-17T21:30:00,27.1,27.8,29.5
2024-10-17T22:00:00,27.1,27.8,29.2
2024-10-17T22:30:00,27.2,27.9,28.9
2024-10-17T23:00:00,27.2,27.9,28.7
2024-10-17T23:30:00,27.2,27.9,28.5
2024-10-18T00:00:00,27.2,27.9,28.3
2024-10-18T00:30:00,27.3,27.9,28
2024-10-18T01:00:00,27.3,27.9,27.8
2024-10-18T01:30:00,27.3,27.9,27.6
2024-10-18T02:00:00,27.3,27.8,27.4
2024-10-18T02:30:00,27.3,27.8,27.2
2024-10-18T03:30:00,27.4,27.7,26.8
2024-10-18T04:00:00,27.4,27.7,26.6
2024-10-18T04:30:00,27.4,27.6,26.4
2024-10-18T05:00:00,27.4,27.6,26.2
2024-10-18T05:30:00,27.4,27.5,26
2024-10-18T06:00:00,27.4,27.5,25.8
2024-10-18T06:30:00,27.4,27.4,25.7
2024-10-18T07:00:00,27.4,27.3,25.5
2024-10-18T07:30:00,27.4,27.3,25.4
2024-10-18T08:00:00,27.4,27.2,25.3
2024-10-18T08:30:00,27.3,27.1,25.2
2024-10-18T09:00:00,27.3,27.1,25.1
2024-10-18T09:30:00,27.3,27,25.1
2024-10-18T10:00:00,27.3,26.9,25.1
2024-10-18T10:30:00,27.3,26.9,25.1
2024-10-18T11:00:00,27.3,26.8,25.2
2024-10-18T11:30:00,27.3,26.8,25.4
2024-10-18T12:00:00,27.2,26.7,25.6
2024-10-18T12:30:00,27.2,26.7,25.9
2024-10-18T13:00:00,27.2,26.7,26.3
2024-10-18T13:30:00,27.2,26.6,26.7
2024-10-18T14:00:00,27.1,26.7,27.1
2024-10-18T14:30:00,27.1,26.7,27.5
2024-10-18T15:00:00,27.1,26.7,28
2024-10-18T15:30:00,27.1,26.7,28.5
2024-10-18T16:00:00,27.1,26.8,28.9
2024-10-18T16:30:00,27.1,26.8,29.2
2024-10-18T17:00:00,27,26.9,29.4
2024-10-18T17:30:00,27,27,29.5
2024-10-18T18:00:00,27,27.1,29.5
2024-10-18T18:30:00,27,27.1,29.4
2024-10-18T19:00:00,27,27.2,29.2
2024-10-18T19:30:00,27,27.3,29
2024-10-18T20:00:00,27.1,27.4,28.8
2024-10-18T20:30:00,27.1,27.4,28.5
2024-10-18T21:00:00,27.1,27.5,28.3
2024-10-18T21:30:00,27.1,27.5,28.1
2024-10-18T22:00:00,27.1,27.5,27.8
2024-10-18T22:30:00,27.1,27.5,27.6
2024-10-18T23:00:00,27.1,27.5,27.3
2024-10-18T23:30:00,27.2,27.5,27.1
2024-10-19T00:00:00,27.2,27.5,26.9
2024-10-19T00:30:00,27.2,27.5,26.7
2024-10-19T01:00:00,27.2,27.4,26.5
2024-10-19T01:30:00,27.2,27.4,26.2
2024-10-19T02:00:00,27.2,27.3,26.1
2024-10-19T02:30:00,27.2,27.3,25.9
2024-10-19T03:30:00,27.2,27.2,25.5
2024-10-19T04:00:00,27.2,27.1,25.4
2024-10-19T04:30:00,27.2,27.1,25.2
2024-10-19T05:00:00,27.2,27,25.1
2024-10-19T05:30:00,27.2,26.9,25.1
2024-10-19T06:00:00,27.2,26.9,25
2024-10-19T06:30:00,27.2,26.8,24.9
2024-10-19T07:00:00,27.1,26.8,24.8
2024-10-19T07:30:00,27.1,26.7,24.7
2024-10-19T08:00:00,27.1,26.6,24.6
2024-10-19T08:30:00,27.1,26.6,24.5
2024-10-19T09:00:00,27.1,26.5,24.4
2024-10-19T09:30:00,27.1,26.5,24.4
2024-10-19T10:00:00,27,26.4,24.3
2024-10-19T10:30:00,27,26.4,24.3
2024-10-19T11:00:00,27,26.3,24.4
2024-10-19T11:30:00,27,26.3,24.5
2024-10-19T12:00:00,26.9,26.2,24.6
2024-10-19T12:30:00,26.9,26.2,24.8
2024-10-19T13:00:00,26.9,26.1,25.1
2024-10-19T13:30:00,26.9,26.1,25.3
2024-10-19T14:00:00,26.9,26.1,25.5
2024-10-19T14:30:00,26.8,26.1,25.9
2024-10-19T15:00:00,26.8,26.1,26.3
2024-10-19T15:30:00,26.8,26.1,26.7
2024-10-19T16:00:00,26.8,26.1,27.1
2024-10-19T16:30:00,26.7,26.1,27.5
2024-10-19T17:00:00,26.7,26.2,27.9
2024-10-19T17:30:00,26.7,26.3,28.1
2024-10-19T18:00:00,26.7,26.3,28.2
2024-10-19T18:30:00,26.7,26.4,28.3
2024-10-19T19:00:00,26.7,26.5,28.2
2024-10-19T19:30:00,26.7,26.5,28
2024-10-19T20:00:00,26.7,26.6,27.8
2024-10-19T20:30:00,26.7,26.7,27.5
2024-10-19T21:00:00,26.7,26.7,27.2
2024-10-19T21:30:00,26.7,26.7,26.8
2024-10-19T22:00:00,26.7,26.7,26.5
2024-10-19T22:30:00,26.7,26.7,26.2
2024-10-19T23:00:00,26.7,26.7,25.8
2024-10-19T23:30:00,26.7,26.7,25.5
2024-10-20T00:00:00,26.7,26.7,25.2
2024-10-20T00:30:00,26.7,26.6,25
2024-10-20T01:00:00,26.7,26.6,24.7
2024-10-20T01:30:00,26.7,26.5,24.5
2024-10-20T02:00:00,26.7,26.4,24.3
2024-10-20T02:30:00,26.7,26.4,24.1
2024-10-20T03:30:00,26.7,26.2,23.8
2024-10-20T04:00:00,26.7,26.1,23.6
2024-10-20T04:30:00,26.7,26.1,23.4
2024-10-20T05:00:00,26.7,26,23.2
2024-10-20T05:30:00,26.6,25.9,23.1
2024-10-20T06:00:00,26.6,25.8,22.9
2024-10-20T06:30:00,26.6,25.7,22.8
2024-10-20T07:00:00,26.6,25.6,22.7
2024-10-20T07:30:00,26.5,25.6,22.6
2024-10-20T08:00:00,26.5,25.5,22.5
2024-10-20T08:30:00,26.5,25.4,22.4
2024-10-20T09:00:00,26.4,25.3,22.3
2024-10-20T09:30:00,26.4,25.2,22.2
2024-10-20T10:00:00,26.4,25.1,22.1
2024-10-20T10:30:00,26.3,25.1,22.1
2024-10-20T11:00:00,26.3,25,22.1
2024-10-20T11:30:00,26.2,24.9,22.2
2024-10-20T12:00:00,26.2,24.8,22.4
2024-10-20T12:30:00,26.1,24.8,22.7
2024-10-20T13:00:00,26.1,24.7,23
2024-10-20T13:30:00,26,24.7,23.5
2024-10-20T14:00:00,26,24.7,24
2024-10-20T14:30:00,25.9,24.6,24.5
2024-10-20T15:00:00,25.9,24.6,25.1
2024-10-20T15:30:00,25.9,24.6,25.6
2024-10-20T16:00:00,25.8,24.7,26.1
2024-10-20T16:30:00,25.8,24.7,26.5
2024-10-20T17:00:00,25.8,24.8,26.8
2024-10-20T17:30:00,25.7,24.9,27
2024-10-20T18:00:00,25.7,25,27.1
2024-10-20T18:30:00,25.7,25,27
2024-10-20T19:00:00,25.7,25.1,26.9
2024-10-20T19:30:00,25.7,25.2,26.7
2024-10-20T20:00:00,25.7,25.3,26.5
2024-10-20T20:30:00,25.7,25.3,26.2
2024-10-20T21:00:00,25.7,25.4,25.9
2024-10-20T21:30:00,25.7,25.4,25.7
2024-10-20T22:00:00,25.7,25.4,25.5
2024-10-20T22:30:00,25.7,25.5,25.2
2024-10-20T23:00:00,25.7,25.5,25
2024-10-20T23:30:00,25.7,25.5,24.8
2024-10-21T00:00:00,25.7,25.5,24.6
2024-10-21T00:30:00,25.7,25.4,24.3
2024-10-21T01:00:00,25.7,25.4,24.1
2024-10-21T01:30:00,25.7,25.4,23.9
2024-10-21T02:00:00,25.7,25.3,23.7
2024-10-21T02:30:00,25.7,25.3,23.4
2024-10-21T03:30:00,25.7,25.2,23
2024-10-21T04:00:00,25.7,25.1,22.9
2024-10-21T04:30:00,25.7,25.1,22.7
2024-10-21T05:00:00,25.7,25,22.5
2024-10-21T05:30:00,25.7,25,22.4
2024-10-21T06:00:00,25.7,24.9,22.2
2024-10-21T06:30:00,25.7,24.8,22.1
2024-10-21T07:00:00,25.7,24.8,21.9
2024-10-21T07:30:00,25.7,24.7,21.8
2024-10-21T08:00:00,25.6,24.7,21.7
2024-10-21T08:30:00,25.6,24.6,21.6
2024-10-21T09:00:00,25.6,24.5,21.5
2024-10-21T09:30:00,25.6,24.5,21.4
2024-10-21T10:00:00,25.5,24.4,21.4
2024-10-21T10:30:00,25.5,24.3,21.4
2024-10-21T11:00:00,25.5,24.3,21.5
2024-10-21T11:30:00,25.5,24.2,21.6
2024-10-21T12:00:00,25.4,24.2,21.8
2024-10-21T12:30:00,25.4,24.1,22
2024-10-21T13:00:00,25.4,24,22.1
2024-10-21T13:30:00,25.3,24,22.2
2024-10-21T14:00:00,25.3,24,22.2
2024-10-21T14:30:00,25.3,24,22.1
2024-10-21T15:00:00,25.3,24,22.1
2024-10-21T15:30:00,25.2,23.9,22.1
2024-10-21T16:00:00,25.2,23.9,22.1
2024-10-21T16:30:00,25.2,23.9,22.1
2024-10-21T17:00:00,25.1,23.9,22
2024-10-21T17:30:00,25.1,23.9,22
2024-10-21T18:00:00,25.1,23.8,22
2024-10-21T18:30:00,25.1,23.8,22
2024-10-21T19:00:00,25.1,23.8,22
2024-10-21T19:30:00,25,23.8,21.9
2024-10-21T20:00:00,25,23.8,21.9
2024-10-21T20:30:00,25,23.7,21.7
2024-10-21T21:00:00,25,23.7,21.6
2024-10-21T21:30:00,25,23.7,21.5
2024-10-21T22:00:00,24.9,23.7,21.4
2024-10-21T22:30:00,24.9,23.6,21.3
2024-10-21T23:00:00,24.9,23.6,21.2
2024-10-22T00:00:00,24.8,23.5,21.1
2024-10-22T01:00:00,24.8,23.4,21.1
2024-10-22T01:30:00,24.8,23.4,21.1
2024-10-22T02:00:00,24.8,23.4,21.1
2024-10-22T02:30:00,24.7,23.3,21.1
2024-10-22T03:30:00,24.7,23.3,21.1
2024-10-22T04:00:00,24.7,23.2,21.1
2024-10-22T04:30:00,24.7,23.2,21.1
2024-10-22T05:00:00,24.6,23.2,21.1
2024-10-22T05:30:00,24.6,23.2,21.2
2024-10-22T06:00:00,24.6,23.2,21.2
2024-10-22T06:30:00,24.5,23.1,21.2
2024-10-22T07:00:00,24.5,23.1,21.3
2024-10-22T07:30:00,24.5,23.1,21.3
2024-10-22T08:00:00,24.5,23.1,21.3
2024-10-22T08:30:00,24.5,23.1,21.3
2024-10-22T09:00:00,24.4,23.1,21.3
2024-10-22T09:30:00,24.4,23.1,21.2
2024-10-22T10:00:00,24.4,23,21.1
2024-10-22T10:30:00,24.4,23,21.1
2024-10-22T11:00:00,24.4,23,21.1
2024-10-22T11:30:00,24.4,23,21.1
2024-10-22T12:30:00,24.3,23,21.3
2024-10-22T13:30:00,24.3,23,21.5
2024-10-22T14:00:00,24.3,22.9,21.7
2024-10-22T14:30:00,24.3,23,21.8
2024-10-22T15:00:00,24.2,22.9,22
2024-10-22T15:30:00,24.2,23,22.2
2024-10-22T16:00:00,24.2,23,22.3
2024-10-22T16:30:00,24.2,23,22.5
2024-10-22T17:00:00,24.2,23,22.6
2024-10-22T18:00:00,24.2,23.1,22.8
2024-10-22T18:30:00,24.2,23.1,22.9
2024-10-22T19:00:00,24.1,23.1,22.9
2024-10-22T19:30:00,24.1,23.2,22.9
2024-10-22T20:00:00,24.1,23.2,22.8
2024-10-22T20:30:00,24.1,23.2,22.7
2024-10-22T21:00:00,24.1,23.3,22.6
2024-10-22T21:30:00,24.1,23.3,22.5
2024-10-22T22:00:00,24.1,23.3,22.3
2024-10-22T22:30:00,24.1,23.3,22.2
2024-10-22T23:00:00,24.1,23.3,22.1
2024-10-22T23:30:00,24.1,23.3,22
2024-10-23T00:00:00,24.1,23.3,21.9
2024-10-23T00:30:00,24.1,23.3,21.8
2024-10-23T01:30:00,24.1,23.3,21.7
2024-10-23T02:00:00,24.1,23.2,21.6
2024-10-23T04:30:00,24.1,23.1,21.5
2024-10-23T05:00:00,24.1,23.1,21.4
2024-10-23T06:00:00,24.1,23.1,21.3
2024-10-23T06:30:00,24.1,23,21.3
2024-10-23T07:30:00,24.1,23,21.2
2024-10-23T08:00:00,24,23,21.1
2024-10-23T08:30:00,24,23,21.1
2024-10-23T09:00:00,24,22.9,21
2024-10-23T09:30:00,24,22.9,21
2024-10-23T10:00:00,24,22.9,20.9
2024-10-23T10:30:00,24,22.9,20.9
2024-10-23T11:00:00,24,22.8,21
2024-10-23T11:30:00,24,22.8,21.1
2024-10-23T12:00:00,24,22.8,21.3
2024-10-23T12:30:00,23.9,22.8,21.5
2024-10-23T13:00:00,23.9,22.8,21.8
2024-10-23T13:30:00,23.9,22.8,22.3
2024-10-23T14:00:00,23.9,22.8,22.9
2024-10-23T14:30:00,23.9,22.8,23.5
2024-10-23T15:00:00,23.9,22.9,24
2024-10-23T15:30:00,23.9,22.9,24.5
2024-10-23T16:00:00,23.9,23,25
2024-10-23T16:30:00,23.8,23.1,25.3
2024-10-23T17:00:00,23.8,23.2,25.6
2024-10-23T17:30:00,23.8,23.3,25.7
2024-10-23T18:00:00,23.8,23.4,25.8
2024-10-23T18:30:00,23.9,23.5,25.8
2024-10-23T19:00:00,23.9,23.6,25.6
2024-10-23T19:30:00,23.9,23.8,25.4
2024-10-23T20:00:00,23.9,23.8,25.1
2024-10-23T20:30:00,23.9,23.9,24.9
2024-10-23T21:00:00,23.9,24,24.6
2024-10-23T21:30:00,24,24,24.4
2024-10-23T22:00:00,24,24.1,24.2
2024-10-23T22:30:00,24,24.1,24.1
2024-10-23T23:00:00,24.1,24.1,24
2024-10-23T23:30:00,24.1,24.1,23.9
2024-10-24T00:00:00,24.1,24.1,23.8
2024-10-24T00:30:00,24.1,24.1,23.7
2024-10-24T01:00:00,24.1,24.1,23.6
2024-10-24T01:30:00,24.2,24.1,23.6
2024-10-24T02:00:00,24.2,24.1,23.5
2024-10-24T02:30:00,24.2,24.1,23.4
2024-10-24T03:00:00,24.2,24,23.3
2024-10-24T04:00:00,24.2,24,23
2024-10-24T04:30:00,24.2,24,22.9
2024-10-24T05:00:00,24.2,24,22.8
2024-10-24T05:30:00,24.2,23.9,22.6
2024-10-24T06:00:00,24.3,23.9,22.5
2024-10-24T06:30:00,24.3,23.9,22.4
2024-10-24T07:00:00,24.3,23.8,22.2
2024-10-24T07:30:00,24.3,23.8,22.1
2024-10-24T08:00:00,24.3,23.8,22
2024-10-24T08:30:00,24.3,23.7,21.8
2024-10-24T10:00:00,24.2,23.6,21.5
2024-10-24T10:30:00,24.2,23.6,21.4
2024-10-24T11:00:00,23.1,22.6,21.8
2024-10-24T11:30:00,23.2,22.6,21.9
2024-10-24T12:00:00,23.3,22.6,22
2024-10-24T12:30:00,23.4,22.6,22.1
2024-10-24T13:00:00,23.4,22.6,22.1
2024-10-24T13:30:00,23.4,22.7,22.2
2024-10-24T14:00:00,23.4,22.7,22.3
2024-10-24T14:30:00,23.4,22.7,22.4
2024-10-24T15:00:00,23.5,22.8,22.5
2024-10-24T15:30:00,23.5,22.8,22.7
2024-10-24T16:00:00,23.5,22.9,22.9
2024-10-24T16:30:00,23.5,22.9,23.2
2024-10-24T17:00:00,23.5,23,23.4
2024-10-24T17:30:00,23.5,23.1,23.6
2024-10-24T18:00:00,23.5,23.2,23.8
2024-10-24T18:30:00,23.6,23.3,24
2024-10-24T19:00:00,23.6,23.4,24
2024-10-24T19:30:00,23.6,23.5,24
2024-10-24T20:00:00,23.6,23.6,24
2024-10-24T20:30:00,23.7,23.7,24
2024-10-24T21:00:00,23.7,23.7,23.9
2024-10-24T21:30:00,23.7,23.7,23.8
2024-10-24T22:00:00,23.8,23.8,23.7
2024-10-24T22:30:00,23.8,23.8,23.6
2024-10-24T23:00:00,23.8,23.8,23.5
2024-10-24T23:30:00,23.8,23.8,23.4
2024-10-25T00:00:00,23.9,23.8,23.3
2024-10-25T00:30:00,23.9,23.7,23.3
2024-10-25T01:00:00,23.9,23.7,23.2
2024-10-25T01:30:00,23.9,23.7,23.1
2024-10-25T02:00:00,23.9,23.7,23
2024-10-25T02:30:00,23.9,23.6,23
2024-10-25T03:30:00,24,23.6,22.8
2024-10-25T04:00:00,24,23.5,22.7
2024-10-25T04:30:00,24,23.5,22.6
2024-10-25T05:00:00,24,23.4,22.5
2024-10-25T05:30:00,24,23.4,22.4
2024-10-25T06:00:00,23.9,23.3,22.3
2024-10-25T06:30:00,23.9,23.3,22.2
2024-10-25T07:00:00,23.9,23.2,22.1
2024-10-25T07:30:00,23.9,23.2,22
2024-10-25T08:00:00,23.9,23.1,21.9
2024-10-25T08:30:00,23.9,23,21.8
2024-10-25T09:00:00,23.9,23,21.7
2024-10-25T09:30:00,23.8,22.9,21.6
2024-10-25T10:00:00,23.8,22.9,21.5
2024-10-25T10:30:00,23.8,22.8,21.5
2024-10-25T11:00:00,23.8,22.7,21.4
2024-10-25T11:30:00,23.7,22.7,21.4
2024-10-25T12:00:00,23.7,22.6,21.5
2024-10-25T12:30:00,23.7,22.6,21.6
2024-10-25T13:00:00,23.7,22.6,21.6
2024-10-25T13:30:00,23.6,22.6,21.7
2024-10-25T14:00:00,23.6,22.6,21.8
2024-10-25T14:30:00,23.6,22.6,21.9
2024-10-25T15:00:00,23.6,22.6,22.1
2024-10-25T15:30:00,23.5,22.6,22.2
2024-10-25T16:00:00,23.5,22.6,22.4
2024-10-25T16:30:00,23.5,22.7,22.6
2024-10-25T17:00:00,23.5,22.8,22.8
2024-10-25T17:30:00,23.5,22.8,22.9
2024-10-25T18:00:00,23.5,22.9,23
2024-10-25T18:30:00,23.5,23,23.1
2024-10-25T19:00:00,23.5,23,23.2
2024-10-25T19:30:00,23.5,23.1,23.2
2024-10-25T20:00:00,23.5,23.1,23.2
2024-10-25T20:30:00,23.5,23.2,23.1
2024-10-25T21:00:00,23.6,23.2,23.1
2024-10-25T21:30:00,23.6,23.2,23
2024-10-25T22:00:00,23.6,23.2,22.9
2024-10-25T22:30:00,23.6,23.2,22.9
2024-10-25T23:00:00,23.6,23.2,22.8
2024-10-25T23:30:00,23.6,23.2,22.7
2024-10-26T00:00:00,23.6,23.2,22.6
2024-10-26T00:30:00,23.6,23.2,22.6
2024-10-26T01:00:00,23.6,23.2,22.5
2024-10-26T01:30:00,23.6,23.2,22.4
2024-10-26T02:00:00,23.6,23.1,22.4
2024-10-26T03:30:00,23.6,23,22.1
2024-10-26T04:00:00,23.6,23,22.1
2024-10-26T04:30:00,23.6,22.9,22.1
2024-10-26T05:00:00,23.6,22.9,22
2024-10-26T05:30:00,23.6,22.9,21.9
2024-10-26T06:00:00,23.6,22.8,21.9
2024-10-26T06:30:00,23.6,22.8,21.8
2024-10-26T07:00:00,23.6,22.8,21.7
2024-10-26T07:30:00,23.6,22.7,21.7
2024-10-26T08:00:00,23.5,22.7,21.6
2024-10-26T08:30:00,23.5,22.6,21.5
2024-10-26T09:00:00,23.5,22.6,21.5
2024-10-26T09:30:00,23.5,22.5,21.4
2024-10-26T10:00:00,23.5,22.5,21.4
2024-10-26T10:30:00,23.4,22.5,21.3
2024-10-26T11:00:00,23.4,22.4,21.3
2024-10-26T11:30:00,23.4,22.4,21.5
2024-10-26T12:00:00,23.4,22.4,22
2024-10-26T12:30:00,23.4,22.4,22
2024-10-26T13:00:00,23.3,22.4,22
2024-10-26T13:30:00,23.3,22.4,22.1
2024-10-27T03:00:00,23.6,23,22.2
2024-10-27T03:30:00,23.6,23,22.1
2024-10-27T04:00:00,23.6,23,22
2024-10-27T04:30:00,23.5,22.9,21.9
2024-10-27T05:00:00,23.5,22.8,21.8
2024-10-27T05:30:00,23.5,22.8,21.7
2024-10-27T06:00:00,23.5,22.7,21.6
2024-10-27T06:30:00,23.5,22.7,21.5
2024-10-27T07:00:00,23.5,22.6,21.4
2024-10-27T07:30:00,23.4,22.6,21.3
2024-10-27T08:00:00,23.4,22.5,21.2
2024-10-27T08:30:00,23.4,22.4,21.1
2024-10-27T09:00:00,23.4,22.4,21.1
2024-10-27T09:30:00,23.4,22.3,21
2024-10-27T10:00:00,23.3,22.3,20.9
2024-10-27T10:30:00,23.3,22.2,20.9
2024-10-27T11:00:00,23.3,22.2,21
2024-10-27T11:30:00,23.2,22.1,21
2024-10-27T12:00:00,23.2,22.1,21.1
2024-10-27T12:30:00,23.2,22.1,21.1
2024-10-27T13:00:00,23.2,22.1,21.2
2024-10-27T13:30:00,23.1,22.1,21.3
2024-10-27T14:00:00,23.1,22.1,21.5
2024-10-27T14:30:00,23.1,22.1,21.6
2024-10-27T15:00:00,23.1,22.1,21.9
2024-10-27T15:30:00,23,22.1,22.1
2024-10-27T16:00:00,23,22.2,22.3
2024-10-27T16:30:00,23,22.3,22.5
2024-10-27T17:00:00,23,22.4,22.7
2024-10-27T17:30:00,23,22.5,22.8
2024-10-27T18:00:00,23,22.5,23
2024-10-27T18:30:00,23,22.6,23
2024-10-27T19:00:00,23,22.7,23
2024-10-27T19:30:00,23,22.8,23
2024-10-27T20:00:00,23.1,22.8,23
2024-10-27T20:30:00,23.1,22.9,23
2024-10-27T21:00:00,23.1,22.9,22.9
2024-10-27T21:30:00,23.1,22.9,22.9
2024-10-27T22:00:00,23.2,23,22.8
2024-10-27T22:30:00,23.2,23,22.7
2024-10-27T23:00:00,23.2,23,22.6
2024-10-27T23:30:00,23.2,23,22.6
2024-10-28T00:00:00,23.2,22.9,22.5
2024-10-28T00:30:00,23.2,22.9,22.4
2024-10-28T01:00:00,23.3,22.9,22.3
2024-10-28T01:30:00,23.3,22.9,22.3
2024-10-28T02:00:00,23.3,22.8,22.2
2024-10-28T03:00:00,23.3,22.8,22
2024-10-28T03:30:00,23.3,22.8,21.9
2024-10-28T04:00:00,23.3,22.7,21.8
2024-10-28T04:30:00,23.3,22.7,21.7
2024-10-28T05:00:00,23.3,22.6,21.7
2024-10-28T05:30:00,23.2,22.6,21.6
2024-10-28T06:00:00,23.2,22.5,21.5
2024-10-28T06:30:00,23.2,22.5,21.4
2024-10-28T07:00:00,23.2,22.4,21.3
2024-10-28T07:30:00,23.2,22.4,21.3
2024-10-28T08:00:00,23.2,22.3,21.2
2024-10-28T08:30:00,23.2,22.3,21.1
2024-10-28T09:00:00,23.1,22.2,21.1
2024-10-28T09:30:00,23.1,22.2,21
2024-10-28T10:00:00,23.1,22.1,21
2024-10-28T10:30:00,23.1,22.1,21
2024-10-28T11:00:00,23.1,22.1,21
2024-10-28T11:30:00,23,22.1,21
2024-10-28T12:00:00,23,22,21.1
2024-10-28T12:30:00,23,22,21.1
2024-10-28T13:00:00,23,22,21.2
2024-10-28T13:30:00,23,22,21.3
2024-10-28T14:00:00,22.9,22,21.5
2024-10-28T14:30:00,22.9,22,21.7
2024-10-28T15:00:00,22.9,22.1,21.9
2024-10-28T15:30:00,22.9,22.1,22.2
2024-10-28T16:00:00,22.9,22.2,22.4
2024-10-28T16:30:00,22.9,22.2,22.7
2024-10-28T17:00:00,22.9,22.3,22.9
2024-10-28T17:30:00,22.9,22.4,23.1
2024-10-28T18:00:00,22.9,22.5,23.2
2024-10-28T18:30:00,22.9,22.7,23.3
2024-10-28T19:00:00,22.9,22.7,23.3
2024-10-28T19:30:00,22.9,22.8,23.3
2024-10-28T20:00:00,23,22.9,23.3
2024-10-28T20:30:00,23,22.9,23.2
2024-10-28T21:00:00,23,23,23.2
2024-10-28T21:30:00,23,23,23.1
2024-10-28T22:00:00,23.1,23,23
2024-10-28T22:30:00,23.1,23,23
2024-10-28T23:00:00,23.1,23.1,22.9
2024-10-28T23:30:00,23.2,23.1,22.8
2024-10-29T00:00:00,23.2,23,22.8
2024-10-29T00:30:00,23.2,23,22.7
2024-10-29T01:00:00,23.2,23,22.6
2024-10-29T01:30:00,23.2,23,22.5
2024-10-29T02:00:00,23.2,23,22.5
2024-10-29T02:30:00,23.2,23,22.4
2024-10-29T03:00:00,23.2,22.9,22.3
2024-10-29T03:30:00,23.2,22.9,22.3
2024-10-29T04:00:00,23.2,22.9,22.2
2024-10-29T04:30:00,23.2,22.8,22.2
2024-10-29T05:30:00,23.2,22.8,22.1
2024-10-29T07:00:00,23.2,22.7,22.1
2024-10-29T07:30:00,23.2,22.7,22
2024-10-29T08:00:00,23.2,22.7,22
2024-10-29T08:30:00,23.2,22.6,21.9
2024-10-29T09:00:00,23.2,22.6,21.9
2024-10-29T09:30:00,23.2,22.6,21.9
2024-10-29T10:00:00,23.2,22.6,21.9
2024-10-29T10:30:00,23.2,22.6,22
2024-10-29T11:00:00,23.2,22.5,22
2024-10-29T11:30:00,23.2,22.5,22.1
2024-10-29T12:00:00,23.1,22.5,22.1
2024-10-29T12:30:00,23.1,22.5,22.1
2024-10-29T13:00:00,23.1,22.5,22.2
2024-10-29T13:30:00,23.1,22.5,22.2
2024-10-29T14:00:00,23.1,22.6,22.3
2024-10-30T03:00:00,23.6,23.5,23.1
2024-10-30T03:30:00,23.6,23.4,23
2024-10-30T04:00:00,23.6,23.4,23
2024-10-30T04:30:00,23.6,23.4,22.9
2024-10-30T05:00:00,23.6,23.3,22.8
2024-10-30T05:30:00,23.6,23.3,22.8
2024-10-30T06:00:00,23.6,23.2,22.7
2024-10-30T06:30:00,23.5,23.2,22.7
2024-10-30T07:00:00,23.5,23.2,22.6
2024-10-30T07:30:00,23.5,23.1,22.6
2024-10-30T08:00:00,23.5,23.1,22.5
2024-10-30T08:30:00,23.5,23.1,22.5
2024-10-30T09:00:00,23.5,23,22.4
2024-10-30T09:30:00,23.5,23,22.4
2024-10-30T10:00:00,23.4,23,22.4
2024-10-30T10:30:00,23.4,22.9,22.3
2024-10-30T11:00:00,23.4,22.9,22.3
2024-10-30T11:30:00,23.4,22.9,22.3
2024-10-30T12:00:00,23.4,22.9,22.3
2024-10-30T12:30:00,23.4,22.8,22.4
2024-10-30T13:00:00,23.4,22.8,22.4
2024-10-30T13:30:00,23.4,22.8,22.5
2024-10-30T14:00:00,23.3,22.8,22.5
2024-10-30T14:30:00,23.3,22.8,22.6
2024-10-30T15:00:00,23.3,22.9,22.7
2024-10-30T15:30:00,23.3,22.9,22.9
2024-10-30T16:00:00,23.3,23,23
2024-10-30T16:30:00,23.3,23,23.2
2024-10-30T17:00:00,23.3,23.1,23.4
2024-10-30T17:30:00,23.3,23.2,23.8
2024-10-30T18:00:00,23.3,23.3,24
2024-10-30T18:30:00,23.3,23.4,24.1
2024-10-30T19:00:00,23.4,23.5,24.2
2024-10-30T19:30:00,23.4,23.6,24.3
2024-10-30T20:00:00,23.4,23.7,24.3
2024-10-30T20:30:00,23.5,23.7,24.3
2024-10-30T21:00:00,23.5,23.8,24.3
2024-10-30T21:30:00,23.5,23.8,24.2
2024-10-30T22:00:00,23.6,23.9,24.2
2024-10-30T22:30:00,23.6,23.9,24.1
2024-10-30T23:00:00,23.6,23.9,24.1
2024-10-30T23:30:00,23.6,23.9,24
2024-10-31T00:00:00,23.7,23.9,24
2024-10-31T00:30:00,23.7,23.9,23.9
2024-10-31T01:00:00,23.7,23.9,23.8
2024-10-31T01:30:00,23.7,23.9,23.8
2024-10-31T02:00:00,23.7,23.8,23.7
2024-10-31T03:00:00,23.8,23.8,23.6
2024-10-31T03:30:00,23.8,23.8,23.6
2024-10-31T04:00:00,23.8,23.8,23.5
2024-10-31T04:30:00,23.8,23.7,23.5
2024-10-31T05:00:00,23.8,23.7,23.4
2024-10-31T05:30:00,23.8,23.7,23.4
2024-10-31T06:00:00,23.8,23.7,23.3
2024-10-31T06:30:00,23.8,23.6,23.2
2024-10-31T07:00:00,23.8,23.6,23.1
2024-10-31T07:30:00,23.8,23.6,23.1
2024-10-31T08:00:00,23.8,23.5,23
2024-10-31T08:30:00,23.7,23.5,23
2024-10-31T09:00:00,23.7,23.4,22.9