Timestamp,Noureddine_Rojbani_TS06_soil_moisture_10cm,Noureddine_Rojbani_TS07_soil_moisture_20cm,Noureddine_Rojbani_TS08_soil_moisture_30cm
2024-10-05T00:00:00,27,28.6,28.4
2024-10-05T00:30:00,26.8,28.5,28.4
2024-10-05T01:00:00,26.6,28.5,28.4
2024-10-05T01:30:00,26.3,28.4,28.4
2024-10-05T02:00:00,26.1,28.3,28.4
2024-10-05T02:30:00,26,28.3,28.4
2024-10-07T04:00:00,26.1,27.9,27.7
2024-10-07T04:30:00,25.9,27.8,27.7
2024-10-07T05:00:00,25.7,27.7,27.7
2024-10-07T05:30:00,25.5,27.7,27.7
2024-10-07T06:00:00,25.4,27.6,27.7
2024-10-07T06:30:00,25.2,27.5,27.7
2024-10-07T07:00:00,25,27.5,27.7
2024-10-07T07:30:00,24.9,27.4,27.7
2024-10-07T08:00:00,24.7,27.3,27.7
2024-10-07T08:30:00,24.5,27.2,27.7
2024-10-07T09:00:00,24.4,27.1,27.7
2024-10-07T09:30:00,24.3,27.1,27.7
2024-10-07T10:00:00,24.2,27,27.6
2024-10-07T10:30:00,24.2,26.9,27.6
2024-10-07T11:00:00,24.3,26.8,27.6
2024-10-07T11:30:00,24.6,26.8,27.6
2024-10-07T12:00:00,24.9,26.7,27.5
2024-10-07T12:30:00,25.4,26.6,27.5
2024-10-07T13:00:00,26,26.6,27.5
2024-10-07T13:30:00,26.7,26.6,27.5
2024-10-07T14:00:00,27.3,26.6,27.4
2024-10-07T14:30:00,28,26.6,27.4
2024-10-07T15:00:00,28.6,26.7,27.4
2024-10-07T15:30:00,29.2,26.7,27.3
2024-10-07T16:00:00,29.8,26.8,27.3
2024-10-07T16:30:00,30.3,26.9,27.3
2024-10-07T17:00:00,30.6,27,27.3
2024-10-07T17:30:00,30.8,27.2,27.3
2024-10-07T18:00:00,30.9,27.3,27.3
2024-10-07T18:30:00,30.9,27.4,27.3
2024-10-07T19:00:00,30.9,27.6,27.3
2024-10-07T19:30:00,30.7,27.7,27.3
2024-10-07T20:00:00,30.5,27.8,27.3
2024-10-07T20:30:00,30.2,27.9,27.3
2024-10-07T21:00:00,29.8,28,27.4
2024-10-07T21:30:00,29.5,28,27.4
2024-10-07T22:00:00,29.1,28.1,27.4
2024-10-07T22:30:00,28.8,28.1,27.5
2024-10-07T23:00:00,28.4,28.1,27.5
2024-10-07T23:30:00,28.1,28.1,27.5
2024-10-08T00:00:00,27.8,28.1,27.5
2024-10-08T00:30:00,27.6,28.1,27.6
2024-10-08T01:00:00,27.3,28,27.6
2024-10-08T01:30:00,27.1,28,27.6
2024-10-08T02:00:00,26.9,27.9,27.6
2024-10-08T02:30:00,26.6,27.9,27.6
2024-10-08T03:00:00,26.4,27.8,27.6
2024-10-08T04:00:00,26.1,27.7,27.7
2024-10-08T04:30:00,25.9,27.7,27.7
2024-10-08T05:00:00,25.8,27.6,27.7
2024-10-08T05:30:00,25.6,27.5,27.7
2024-10-08T06:00:00,25.5,27.5,27.7
2024-10-08T06:30:00,25.3,27.4,27.6
2024-10-08T07:00:00,25.2,27.3,27.6
2024-10-08T07:30:00,25,27.3,27.6
2024-10-08T08:00:00,24.9,27.2,27.6
2024-10-08T08:30:00,24.8,27.1,27.6
2024-10-08T09:00:00,24.7,27.1,27.6
2024-10-08T09:30:00,24.6,27,27.5
2024-10-08T10:00:00,24.5,26.9,27.5
2024-10-08T10:30:00,24.5,26.9,27.5
2024-10-08T11:00:00,24.7,26.8,27.5
2024-10-08T11:30:00,24.9,26.7,27.5
2024-10-08T12:00:00,25.3,26.7,27.4
2024-10-08T12:30:00,25.8,26.6,27.4
2024-10-08T13:00:00,26.3,26.6,27.4
2024-10-08T13:30:00,26.8,26.6,27.4
2024-10-08T14:00:00,27.3,26.6,27.3
2024-10-08T14:30:00,27.8,26.6,27.3
2024-10-08T15:00:00,28.4,26.6,27.3
2024-10-08T15:30:00,28.9,26.7,27.3
2024-10-08T16:00:00,29.4,26.8,27.2
2024-10-08T16:30:00,29.7,26.9,27.2
2024-10-08T17:00:00,30.1,27,27.2
2024-10-08T17:30:00,30.3,27.1,27.2
2024-10-08T18:00:00,30.5,27.2,27.2
2024-10-08T18:30:00,30.6,27.3,27.2
2024-10-08T19:00:00,30.5,27.5,27.2
2024-10-08T19:30:00,30.5,27.5,27.2
2024-10-08T20:00:00,30.3,27.7,27.2
2024-10-08T20:30:00,30.1,27.7,27.3
2024-10-08T21:00:00,29.9,27.8,27.3
2024-10-08T21:30:00,29.6,27.9,27.3
2024-10-08T22:00:00,29.3,27.9,27.3
2024-10-08T22:30:00,29.1,28,27.4
2024-10-08T23:00:00,28.9,28,27.4
2024-10-08T23:30:00,28.6,28,27.4
2024-10-09T00:00:00,28.4,28,27.4
2024-10-09T00:30:00,28.3,28,27.5
2024-10-09T01:00:00,28.1,28,27.5
2024-10-09T01:30:00,28,28,27.5
2024-10-09T02:00:00,27.8,28,27.5
2024-10-09T02:30:00,27.7,28,27.5
2024-10-09T04:00:00,27.2,27.9,27.6
2024-10-09T04:30:00,27,27.8,27.6
2024-10-09T05:00:00,26.9,27.8,27.6
2024-10-09T05:30:00,26.8,27.7,27.6
2024-10-09T06:00:00,26.7,27.7,27.6
2024-10-09T06:30:00,26.6,27.6,27.6
2024-10-09T07:00:00,26.5,27.6,27.6
2024-10-09T07:30:00,26.4,27.5,27.6
2024-10-09T08:00:00,26.3,27.5,27.6
2024-10-09T08:30:00,26.3,27.5,27.6
2024-10-09T09:00:00,26.2,27.4,27.6
2024-10-09T09:30:00,26.1,27.4,27.6
2024-10-09T10:00:00,26.1,27.3,27.6
2024-10-09T10:30:00,26.1,27.3,27.5
2024-10-09T11:00:00,26.2,27.2,27.5
2024-10-09T11:30:00,26.3,27.2,27.5
2024-10-09T12:00:00,26.5,27.2,27.5
2024-10-09T12:30:00,26.8,27.2,27.5
2024-10-09T13:00:00,27.3,27.1,27.5
2024-10-09T13:30:00,27.7,27.1,27.5
2024-10-09T14:00:00,28.2,27.1,27.5
2024-10-09T15:00:00,29.2,27.2,27.4
2024-10-09T15:30:00,29.7,27.3,27.4
2024-10-09T16:00:00,30.1,27.3,27.4
2024-10-09T16:30:00,30.5,27.4,27.4
2024-10-09T17:00:00,30.8,27.5,27.4
2024-10-09T17:30:00,31,27.6,27.4
2024-10-09T18:00:00,31.2,27.7,27.4
2024-10-09T18:30:00,31.3,27.9,27.4
2024-10-09T19:00:00,31.3,28,27.4
2024-10-09T19:30:00,31.3,28.1,27.5
2024-10-09T20:00:00,31.1,28.2,27.5
2024-10-09T20:30:00,30.9,28.3,27.5
2024-10-09T21:00:00,30.6,28.4,27.5
2024-10-09T21:30:00,30.3,28.4,27.5
2024-10-09T22:00:00,30,28.5,27.6
2024-10-09T22:30:00,29.8,28.5,27.6
2024-10-09T23:00:00,29.5,28.5,27.6
2024-10-09T23:30:00,29.2,28.6,27.7
2024-10-10T00:00:00,29,28.6,27.7
2024-10-10T00:30:00,28.8,28.6,27.7
2024-10-10T01:00:00,28.5,28.5,27.8
2024-10-10T01:30:00,28.3,28.5,27.8
2024-10-10T02:00:00,28.1,28.5,27.8
2024-10-10T02:30:00,27.9,28.5,27.8
2024-10-10T04:00:00,27.3,28.3,27.9
2024-10-10T04:30:00,27.1,28.3,27.9
2024-10-10T05:00:00,26.9,28.3,27.9
2024-10-10T05:30:00,26.7,28.2,27.9
2024-10-10T06:00:00,26.5,28.1,27.9
2024-10-10T06:30:00,26.3,28.1,27.9
2024-10-10T07:00:00,26.1,28,27.9
2024-10-10T07:30:00,25.9,27.9,27.9
2024-10-10T08:00:00,25.8,27.9,27.9
2024-10-10T08:30:00,25.6,27.8,27.9
2024-10-10T09:00:00,25.5,27.7,27.9
2024-10-10T09:30:00,25.4,27.6,27.9
2024-10-10T10:00:00,25.3,27.6,27.9
2024-10-10T10:30:00,25.3,27.5,27.8
2024-10-10T11:00:00,25.4,27.4,27.8
2024-10-10T11:30:00,25.6,27.4,27.8
2024-10-10T12:00:00,26,27.3,27.8
2024-10-10T12:30:00,26.4,27.3,27.8
2024-10-10T13:00:00,27,27.2,27.7
2024-10-10T13:30:00,27.6,27.2,27.7
2024-10-10T14:00:00,28.3,27.2,27.7
2024-10-10T14:30:00,29,27.2,27.7
2024-10-10T15:00:00,29.6,27.3,27.6
2024-10-10T15:30:00,30.2,27.3,27.6
2024-10-10T16:00:00,30.8,27.4,27.6
2024-10-10T16:30:00,31.3,27.5,27.6
2024-10-10T17:00:00,31.7,27.6,27.6
2024-10-10T17:30:00,32,27.7,27.6
2024-10-10T18:00:00,32.2,27.9,27.6
2024-10-10T18:30:00,32.3,28,27.6
2024-10-10T19:00:00,32.2,28.1,27.6
2024-10-10T19:30:00,32.1,28.3,27.6
2024-10-10T20:00:00,31.9,28.4,27.6
2024-10-10T20:30:00,31.7,28.5,27.6
2024-10-10T21:00:00,31.4,28.6,27.7
2024-10-10T21:30:00,31,28.7,27.7
2024-10-10T22:00:00,30.7,28.7,27.7
2024-10-10T22:30:00,30.3,28.8,27.8
2024-10-10T23:00:00,30,28.8,27.8
2024-10-10T23:30:00,29.7,28.8,27.8
2024-10-11T00:00:00,29.4,28.8,27.9
2024-10-11T00:30:00,29.1,28.8,27.9
2024-10-11T01:00:00,28.9,28.8,27.9
2024-10-11T01:30:00,28.7,28.8,27.9
2024-10-11T02:00:00,28.5,28.7,28
2024-10-11T02:30:00,28.3,28.7,28
2024-10-11T04:00:00,28,28.6,28
2024-10-11T04:30:00,27.9,28.5,28.1
2024-10-11T05:00:00,27.8,28.5,28.1
2024-10-11T05:30:00,27.7,28.4,28.1
2024-10-11T06:00:00,27.6,28.4,28.1
2024-10-11T06:30:00,27.4,28.3,28.1
2024-10-11T07:00:00,27.2,28.3,28.1
2024-10-11T07:30:00,27.1,28.3,28.1
2024-10-11T08:00:00,26.9,28.2,28.1
2024-10-11T08:30:00,26.7,28.1,28.1
2024-10-11T09:00:00,26.6,28.1,28.1
2024-10-11T09:30:00,26.5,28.1,28
2024-10-11T10:00:00,26.4,28,28
2024-10-11T10:30:00,26.4,27.9,28
2024-10-11T11:00:00,26.5,27.9,28
2024-10-11T11:30:00,26.6,27.8,28
2024-10-11T12:00:00,26.8,27.8,28
2024-10-11T12:30:00,27.1,27.7,28
2024-10-11T13:00:00,27.3,27.7,28
2024-10-11T13:30:00,27.7,27.7,27.9
2024-10-11T14:00:00,28.2,27.7,27.9
2024-10-11T14:30:00,28.7,27.7,27.9
2024-10-11T15:00:00,29.2,27.7,27.9
2024-10-11T15:30:00,29.7,27.7,27.9
2024-10-11T16:00:00,30.2,27.8,27.9
2024-10-11T16:30:00,30.6,27.8,27.9
2024-10-11T17:00:00,30.9,27.9,27.8
2024-10-11T17:30:00,31.1,28,27.8
2024-10-11T18:00:00,31.2,28.1,27.8
2024-10-11T18:30:00,31.2,28.2,27.8
2024-10-11T19:00:00,31.1,28.3,27.8
2024-10-11T19:30:00,30.9,28.4,27.8
2024-10-11T20:00:00,30.7,28.5,27.9
2024-10-11T20:30:00,30.4,28.5,27.9
2024-10-11T21:00:00,30,28.6,27.9
2024-10-11T21:30:00,29.7,28.7,27.9
2024-10-11T22:00:00,29.4,28.7,27.9
2024-10-11T22:30:00,29.1,28.7,28
2024-10-11T23:00:00,28.8,28.7,28
2024-10-11T23:30:00,28.5,28.7,28
2024-10-12T00:00:00,28.2,28.7,28
2024-10-12T00:30:00,27.9,28.6,28
2024-10-12T01:00:00,27.7,28.6,28.1
2024-10-12T01:30:00,27.4,28.5,28.1
2024-10-12T02:00:00,27.2,28.5,28.1
2024-10-12T02:30:00,26.9,28.4,28.1
2024-10-12T03:00:00,26.7,28.3,28.1
2024-10-12T04:00:00,26.3,28.2,28.1
2024-10-12T04:30:00,26.1,28.1,28.1
2024-10-12T05:00:00,25.9,28.1,28.1
2024-10-12T05:30:00,25.7,28,28.1
2024-10-12T06:00:00,25.6,27.9,28.1
2024-10-12T06:30:00,25.4,27.8,28.1
2024-10-12T07:00:00,25.2,27.7,28
2024-10-12T07:30:00,25.1,27.7,28
2024-10-12T08:00:00,25,27.6,28
2024-10-12T08:30:00,24.9,27.5,28
2024-10-12T09:00:00,24.8,27.4,28
2024-10-12T09:30:00,24.8,27.3,27.9
2024-10-12T10:00:00,24.8,27.3,27.9
2024-10-12T10:30:00,24.8,27.2,27.9
2024-10-12T11:00:00,24.9,27.1,27.8
2024-10-12T11:30:00,25.1,27.1,27.8
2024-10-12T12:00:00,25.4,27,27.8
2024-10-12T12:30:00,25.8,27,27.8
2024-10-12T13:00:00,26.3,26.9,27.7
2024-10-12T13:30:00,26.8,26.9,27.7
2024-10-12T14:00:00,27.4,26.9,27.7
2024-10-12T14:30:00,28,26.9,27.6
2024-10-12T15:00:00,28.6,26.9,27.6
2024-10-12T15:30:00,29.2,27,27.6
2024-10-12T16:00:00,29.7,27.1,27.6
2024-10-12T16:30:00,30.1,27.2,27.5
2024-10-12T17:00:00,30.5,27.3,27.5
2024-10-12T17:30:00,30.8,27.4,27.5
2024-10-12T18:00:00,31,27.5,27.5
2024-10-12T18:30:00,31.1,27.6,27.5
2024-10-12T19:00:00,31,27.7,27.5
2024-10-12T19:30:00,30.9,27.9,27.5
2024-10-12T20:00:00,30.6,28,27.5
2024-10-12T20:30:00,30.3,28.1,27.5
2024-10-12T21:00:00,30,28.2,27.6
2024-10-12T21:30:00,29.7,28.2,27.6
2024-10-12T22:00:00,29.3,28.3,27.6
2024-10-12T22:30:00,29,28.3,27.6
2024-10-12T23:00:00,28.7,28.3,27.7
2024-10-12T23:30:00,28.4,28.3,27.7
2024-10-13T00:00:00,28.1,28.3,27.7
2024-10-13T00:30:00,27.8,28.3,27.7
2024-10-13T01:00:00,27.6,28.3,27.8
2024-10-13T01:30:00,27.3,28.2,27.8
2024-10-13T02:00:00,27.1,28.2,27.8
2024-10-13T02:30:00,26.8,28.1,27.8
2024-10-13T03:00:00,26.6,28.1,27.8
2024-10-13T04:00:00,26.2,27.9,27.8
2024-10-13T04:30:00,26,27.9,27.8
2024-10-13T05:00:00,25.8,27.8,27.8
2024-10-13T05:30:00,25.6,27.7,27.8
2024-10-13T06:00:00,25.4,27.7,27.8
2024-10-13T06:30:00,25.3,27.6,27.8
2024-10-13T07:00:00,25.1,27.5,27.8
2024-10-13T07:30:00,25,27.5,27.8
2024-10-13T08:00:00,24.8,27.4,27.8
2024-10-13T08:30:00,24.7,27.3,27.8
2024-10-13T09:00:00,24.5,27.2,27.7
2024-10-13T09:30:00,24.4,27.1,27.7
2024-10-13T10:00:00,24.3,27.1,27.7
2024-10-13T10:30:00,24.3,27,27.7
2024-10-13T11:00:00,24.4,26.9,27.6
2024-10-13T11:30:00,24.6,26.8,27.6
2024-10-13T12:00:00,25,26.8,27.6
2024-10-13T12:30:00,25.5,26.7,27.6
2024-10-13T13:00:00,26,26.7,27.5
2024-10-13T13:30:00,26.6,26.7,27.5
2024-10-13T14:00:00,27.2,26.6,27.5
2024-10-13T14:30:00,27.8,26.7,27.4
2024-10-13T15:00:00,28.4,26.7,27.4
2024-10-13T15:30:00,29,26.7,27.4
2024-10-13T16:00:00,29.6,26.8,27.4
2024-10-13T16:30:00,30.1,26.9,27.3
2024-10-13T17:00:00,30.5,27,27.3
2024-10-13T17:30:00,30.8,27.2,27.3
2024-10-13T18:00:00,31,27.3,27.3
2024-10-13T18:30:00,31.1,27.4,27.3
2024-10-13T19:00:00,31,27.6,27.3
2024-10-13T19:30:00,30.9,27.7,27.3
2024-10-13T20:00:00,30.7,27.8,27.3
2024-10-13T20:30:00,30.3,27.9,27.4
2024-10-13T21:00:00,30,28,27.4
2024-10-13T21:30:00,29.7,28.1,27.4
2024-10-13T22:00:00,29.3,28.1,27.4
2024-10-13T22:30:00,29,28.2,27.5
2024-10-13T23:00:00,28.6,28.2,27.5
2024-10-13T23:30:00,28.3,28.2,27.5
2024-10-14T00:00:00,28,28.2,27.5
2024-10-14T00:30:00,27.7,28.2,27.6
2024-10-14T01:00:00,27.4,28.1,27.6
2024-10-14T01:30:00,27.2,28.1,27.6
2024-10-14T02:00:00,26.9,28.1,27.6
2024-10-14T02:30:00,26.7,28,27.7
2024-10-14T03:00:00,26.4,27.9,27.7
2024-10-14T03:30:00,26.2,27.9,27.7
2024-10-14T04:00:00,26,27.8,27.7
2024-10-14T04:30:00,25.8,27.7,27.7
2024-10-14T05:00:00,25.6,27.7,27.7
2024-10-14T05:30:00,25.4,27.6,27.7
2024-10-14T06:00:00,25.2,27.5,27.7
2024-10-14T06:30:00,25,27.5,27.7
2024-10-14T07:00:00,24.8,27.4,27.7
2024-10-14T07:30:00,24.6,27.3,27.7
2024-10-14T08:00:00,24.5,27.2,27.6
2024-10-14T08:30:00,24.3,27.1,27.6
2024-10-14T09:00:00,24.1,27,27.6
2024-10-14T09:30:00,24,27,27.6
2024-10-14T10:00:00,23.9,26.9,27.5
2024-10-14T10:30:00,23.9,26.8,27.5
2024-10-14T11:00:00,24,26.7,27.5
2024-10-14T11:30:00,24.2,26.6,27.5
2024-10-14T12:00:00,24.6,26.6,27.4
2024-10-14T12:30:00,25,26.5,27.4
2024-10-14T13:00:00,25.5,26.5,27.4
2024-10-14T13:30:00,26,26.4,27.3
2024-10-14T14:00:00,26.6,26.4,27.3
2024-10-14T14:30:00,27.2,26.4,27.3
2024-10-14T15:00:00,27.8,26.4,27.3
2024-10-14T15:30:00,28.3,26.5,27.2
2024-10-14T16:00:00,28.9,26.5,27.2
2024-10-14T16:30:00,29.3,26.6,27.2
2024-10-14T17:00:00,29.7,26.7,27.2
2024-10-14T17:30:00,30,26.8,27.1
2024-10-14T18:00:00,30.3,27,27.1
2024-10-14T18:30:00,30.4,27.1,27.1
2024-10-14T19:00:00,30.3,27.2,27.1
2024-10-14T19:30:00,30.2,27.3,27.1
2024-10-14T20:00:00,30,27.4,27.1
2024-10-14T20:30:00,29.8,27.5,27.1
2024-10-14T21:00:00,29.5,27.6,27.2
2024-10-14T21:30:00,29.2,27.7,27.2
2024-10-14T22:00:00,28.9,27.7,27.2
2024-10-14T22:30:00,28.6,27.8,27.2
2024-10-14T23:00:00,28.3,27.8,27.3
2024-10-14T23:30:00,28.1,27.8,27.3
2024-10-15T00:00:00,27.8,27.8,27.3
2024-10-15T00:30:00,27.5,27.8,27.3
2024-10-15T01:00:00,27.3,27.8,27.3
2024-10-15T01:30:00,27,27.7,27.4
2024-10-15T02:00:00,26.8,27.7,27.4
2024-10-15T03:30:00,26.2,27.6,27.4
2024-10-15T04:00:00,26,27.5,27.4
2024-10-15T04:30:00,25.9,27.5,27.4
2024-10-15T05:00:00,25.7,27.4,27.4
2024-10-15T05:30:00,25.5,27.3,27.4
2024-10-15T06:00:00,25.3,27.3,27.4
2024-10-15T06:30:00,25.2,27.2,27.4
2024-10-15T07:00:00,25,27.2,27.4
2024-10-15T07:30:00,24.9,27.1,27.4
2024-10-15T08:00:00,24.7,27,27.4
2024-10-15T08:30:00,24.6,26.9,27.4
2024-10-15T09:00:00,24.4,26.9,27.4
2024-10-15T09:30:00,24.3,26.8,27.3
2024-10-15T10:00:00,24.2,26.7,27.3
2024-10-15T10:30:00,24.2,26.7,27.3
2024-10-15T11:00:00,24.3,26.6,27.3
2024-10-15T11:30:00,24.5,26.5,27.3
2024-10-15T12:00:00,24.8,26.5,27.2
2024-10-15T12:30:00,25.3,26.4,27.2
2024-10-15T13:00:00,25.8,26.4,27.2
2024-10-15T13:30:00,26.3,26.4,27.2
2024-10-15T14:00:00,26.9,26.4,27.1
2024-10-15T14:30:00,27.5,26.4,27.1
2024-10-15T15:00:00,28.1,26.4,27.1
2024-10-15T15:30:00,28.7,26.5,27.1
2024-10-15T16:00:00,29.3,26.5,27
2024-10-15T16:30:00,29.7,26.6,27
2024-10-15T17:00:00,30.1,26.7,27
2024-10-15T17:30:00,30.5,26.9,27
2024-10-15T18:00:00,30.7,27,27
2024-10-15T18:30:00,30.8,27.1,27
2024-10-15T19:00:00,30.8,27.3,27
2024-10-15T19:30:00,30.6,27.4,27
2024-10-15T20:00:00,30.4,27.5,27
2024-10-15T20:30:00,30.1,27.6,27.1
2024-10-15T21:00:00,29.8,27.7,27.1
2024-10-15T21:30:00,29.4,27.8,27.1
2024-10-15T22:00:00,29.1,27.8,27.1
2024-10-15T22:30:00,28.8,27.9,27.2
2024-10-15T23:00:00,28.5,27.9,27.2
2024-10-15T23:30:00,28.2,27.9,27.2
2024-10-16T00:00:00,27.9,27.9,27.3
2024-10-16T00:30:00,27.6,27.9,27.3
2024-10-16T01:00:00,27.3,27.9,27.3
2024-10-16T01:30:00,27.1,27.8,27.3
2024-10-16T02:00:00,26.8,27.8,27.3
2024-10-16T02:30:00,26.6,27.7,27.4
2024-10-16T03:30:00,26.1,27.6,27.4
2024-10-16T04:00:00,25.9,27.6,27.4
2024-10-16T04:30:00,25.7,27.5,27.4
2024-10-16T05:00:00,25.5,27.5,27.4
2024-10-16T05:30:00,25.3,27.4,27.4
2024-10-16T06:00:00,25.2,27.3,27.4
2024-10-16T06:30:00,25,27.2,27.4
2024-10-16T07:00:00,24.8,27.2,27.4
2024-10-16T07:30:00,24.7,27.1,27.4
2024-10-16T08:00:00,24.5,27,27.4
2024-10-16T08:30:00,24.4,26.9,27.3
2024-10-16T09:00:00,24.2,26.9,27.3
2024-10-16T09:30:00,24.1,26.8,27.3
2024-10-16T10:00:00,24,26.7,27.3
2024-10-16T10:30:00,24,26.6,27.3
2024-10-16T11:00:00,24,26.5,27.3
2024-10-16T11:30:00,24.2,26.5,27.2
2024-10-16T12:00:00,24.6,26.4,27.2
2024-10-16T12:30:00,25,26.4,27.2
2024-10-16T13:00:00,25.5,26.3,27.1
2024-10-16T13:30:00,26,26.3,27.1
2024-10-16T14:00:00,26.7,26.3,27.1
2024-10-16T14:30:00,27.3,26.3,27.1
2024-10-16T15:00:00,27.9,26.3,27
2024-10-16T15:30:00,28.5,26.3,27
2024-10-16T16:00:00,29,26.4,27
2024-10-16T16:30:00,29.4,26.5,27
2024-10-16T17:00:00,29.7,26.6,26.9
2024-10-16T17:30:00,30,26.7,26.9
2024-10-16T18:00:00,30.2,26.8,26.9
2024-10-16T18:30:00,30.3,27,26.9
2024-10-16T19:00:00,30.2,27.1,26.9
2024-10-16T19:30:00,30.1,27.2,26.9
2024-10-16T20:00:00,29.9,27.3,26.9
2024-10-16T20:30:00,29.7,27.4,27
2024-10-16T21:00:00,29.5,27.5,27
2024-10-16T21:30:00,29.2,27.6,27
2024-10-16T22:00:00,29,27.6,27
2024-10-16T22:30:00,28.8,27.7,27.1
2024-10-16T23:00:00,28.6,27.7,27.1
2024-10-16T23:30:00,28.3,27.7,27.1
2024-10-17T00:00:00,28.1,27.7,27.1
2024-10-17T00:30:00,27.9,27.7,27.1
2024-10-17T01:00:00,27.7,27.7,27.2
2024-10-17T01:30:00,27.5,27.7,27.2
2024-10-17T02:00:00,27.3,27.7,27.2
2024-10-17T02:30:00,27.2,27.7,27.2
2024-10-17T03:30:00,26.9,27.6,27.3
2024-10-17T04:00:00,26.7,27.6,27.3
2024-10-17T04:30:00,26.6,27.5,27.3
2024-10-17T05:00:00,26.4,27.5,27.3
2024-10-17T05:30:00,26.3,27.4,27.3
2024-10-17T06:00:00,26.1,27.4,27.3
2024-10-17T06:30:00,26,27.3,27.3
2024-10-17T07:00:00,25.8,27.3,27.3
2024-10-17T07:30:00,25.6,27.2,27.3
2024-10-17T08:00:00,25.5,27.2,27.3
2024-10-17T08:30:00,25.3,27.1,27.3
2024-10-17T09:00:00,25.2,27.1,27.3
2024-10-17T09:30:00,25.1,27,27.3
2024-10-17T10:00:00,25,26.9,27.3
2024-10-17T10:30:00,25,26.9,27.2
2024-10-17T11:00:00,25,26.8,27.2
2024-10-17T11:30:00,25.2,26.8,27.2
2024-10-17T12:00:00,25.4,26.7,27.2
2024-10-17T12:30:00,25.8,26.7,27.2
2024-10-17T13:00:00,26.2,26.6,27.2
2024-10-17T13:30:00,26.6,26.6,27.1
2024-10-17T14:00:00,27.1,26.6,27.1
2024-10-17T14:30:00,27.7,26.6,27.1
2024-10-17T15:00:00,28.2,26.7,27.1
2024-10-17T15:30:00,28.8,26.7,27.1
2024-10-17T16:00:00,29.3,26.7,27.1
2024-10-17T16:30:00,29.6,26.8,27
2024-10-17T17:00:00,30,26.9,27
2024-10-17T17:30:00,30.2,27,27
2024-10-17T18:00:00,30.4,27.1,27
2024-10-17T18:30:00,30.4,27.2,27
2024-10-17T19:00:00,30.4,27.3,27
2024-10-17T19:30:00,30.3,27.5,27
2024-10-17T20:00:00,30.2,27.5,27
2024-10-17T20:30:00,30,27.6,27.1
2024-10-17T21:00:00,29.7,27.7,27.1
2024-10-17T21:30:00,29.5,27.8,27.1
2024-10-17T22:00:00,29.2,27.8,27.1
2024-10-17T22:30:00,28.9,27.9,27.2
2024-10-17T23:00:00,28.7,27.9,27.2
2024-10-17T23:30:00,28.5,27.9,27.2
2024-10-18T00:00:00,28.3,27.9,27.2
2024-10-18T00:30:00,28,27.9,27.3
2024-10-18T01:00:00,27.8,27.9,27.3
2024-10-18T01:30:00,27.6,27.9,27.3
2024-10-18T02:00:00,27.4,27.8,27.3
2024-10-18T02:30:00,27.2,27.8,27.3
2024-10-18T03:30:00,26.8,27.7,27.4
2024-10-18T04:00:00,26.6,27.7,27.4
2024-10-18T04:30:00,26.4,27.6,27.4
2024-10-18T05:00:00,26.2,27.6,27.4
2024-10-18T05:30:00,26,27.5,27.4
2024-10-18T06:00:00,25.8,27.5,27.4
2024-10-18T06:30:00,25.7,27.4,27.4
2024-10-18T07:00:00,25.5,27.3,27.4
2024-10-18T07:30:00,25.4,27.3,27.4
2024-10-18T08:00:00,25.3,27.2,27.4
2024-10-18T08:30:00,25.2,27.1,27.3
2024-10-18T09:00:00,25.1,27.1,27.3
2024-10-18T09:30:00,25.1,27,27.3
2024-10-18T10:00:00,25.1,26.9,27.3
2024-10-18T10:30:00,25.1,26.9,27.3
2024-10-18T11:00:00,25.2,26.8,27.3
2024-10-18T11:30:00,25.4,26.8,27.3
2024-10-18T12:00:00,25.6,26.7,27.2
2024-10-18T12:30:00,25.9,26.7,27.2
2024-10-18T13:00:00,26.3,26.7,27.2
2024-10-18T13:30:00,26.7,26.6,27.2
2024-10-18T14:00:00,27.1,26.7,27.1
2024-10-18T14:30:00,27.5,26.7,27.1
2024-10-18T15:00:00,28,26.7,27.1
2024-10-18T15:30:00,28.5,26.7,27.1
2024-10-18T16:00:00,28.9,26.8,27.1
2024-10-18T16:30:00,29.2,26.8,27.1
2024-10-18T17:00:00,29.4,26.9,27
2024-10-18T17:30:00,29.5,27,27
2024-10-18T18:00:00,29.5,27.1,27
2024-10-18T18:30:00,29.4,27.1,27
2024-10-18T19:00:00,29.2,27.2,27
2024-10-18T19:30:00,29,27.3,27
2024-10-18T20:00:00,28.8,27.4,27.1
2024-10-18T20:30:00,28.5,27.4,27.1
2024-10-18T21:00:00,28.3,27.5,27.1
2024-10-18T21:30:00,28.1,27.5,27.1
2024-10-18T22:00:00,27.8,27.5,27.1
2024-10-18T22:30:00,27.6,27.5,27.1
2024-10-18T23:00:00,27.3,27.5,27.1
2024-10-18T23:30:00,27.1,27.5,27.2
2024-10-19T00:00:00,26.9,27.5,27.2
2024-10-19T00:30:00,26.7,27.5,27.2
2024-10-19T01:00:00,26.5,27.4,27.2
2024-10-19T01:30:00,26.2,27.4,27.2
2024-10-19T02:00:00,26.1,27.3,27.2
2024-10-19T02:30:00,25.9,27.3,27.2
2024-10-19T03:30:00,25.5,27.2,27.2
2024-10-19T04:00:00,25.4,27.1,27.2
2024-10-19T04:30:00,25.2,27.1,27.2
2024-10-19T05:00:00,25.1,27,27.2
2024-10-19T05:30:00,25.1,26.9,27.2
2024-10-19T06:00:00,25,26.9,27.2
2024-10-19T06:30:00,24.9,26.8,27.2
2024-10-19T07:00:00,24.8,26.8,27.1
2024-10-19T07:30:00,24.7,26.7,27.1
2024-10-19T08:00:00,24.6,26.6,27.1
2024-10-19T08:30:00,24.5,26.6,27.1
2024-10-19T09:00:00,24.4,26.5,27.1
2024-10-19T09:30:00,24.4,26.5,27.1
2024-10-19T10:00:00,24.3,26.4,27
2024-10-19T10:30:00,24.3,26.4,27
2024-10-19T11:00:00,24.4,26.3,27
2024-10-19T11:30:00,24.5,26.3,27
2024-10-19T12:00:00,24.6,26.2,26.9
2024-10-19T12:30:00,24.8,26.2,26.9
2024-10-19T13:00:00,25.1,26.1,26.9
2024-10-19T13:30:00,25.3,26.1,26.9
2024-10-19T14:00:00,25.5,26.1,26.9
2024-10-19T14:30:00,25.9,26.1,26.8
2024-10-19T15:00:00,26.3,26.1,26.8
2024-10-19T15:30:00,26.7,26.1,26.8
2024-10-19T16:00:00,27.1,26.1,26.8
2024-10-19T16:30:00,27.5,26.1,26.7
2024-10-19T17:00:00,27.9,26.2,26.7
2024-10-19T17:30:00,28.1,26.3,26.7
2024-10-19T18:00:00,28.2,26.3,26.7
2024-10-19T18:30:00,28.3,26.4,26.7
2024-10-19T19:00:00,28.2,26.5,26.7
2024-10-19T19:30:00,28,26.5,26.7
2024-10-19T20:00:00,27.8,26.6,26.7
2024-10-19T20:30:00,27.5,26.7,26.7
2024-10-19T21:00:00,27.2,26.7,26.7
2024-10-19T21:30:00,26.8,26.7,26.7
2024-10-19T22:00:00,26.5,26.7,26.7
2024-10-19T22:30:00,26.2,26.7,26.7
2024-10-19T23:00:00,25.8,26.7,26.7
2024-10-19T23:30:00,25.5,26.7,26.7
2024-10-20T00:00:00,25.2,26.7,26.7
2024-10-20T00:30:00,25,26.6,26.7
2024-10-20T01:00:00,24.7,26.6,26.7
2024-10-20T01:30:00,24.5,26.5,26.7
2024-10-20T02:00:00,24.3,26.4,26.7
2024-10-20T02:30:00,24.1,26.4,26.7
2024-10-20T03:30:00,23.8,26.2,26.7
2024-10-20T04:00:00,23.6,26.1,26.7
2024-10-20T04:30:00,23.4,26.1,26.7
2024-10-20T05:00:00,23.2,26,26.7
2024-10-20T05:30:00,23.1,25.9,26.6
2024-10-20T06:00:00,22.9,25.8,26.6
2024-10-20T06:30:00,22.8,25.7,26.6
2024-10-20T07:00:00,22.7,25.6,26.6
2024-10-20T07:30:00,22.6,25.6,26.5
2024-10-20T08:00:00,22.5,25.5,26.5
2024-10-20T08:30:00,22.4,25.4,26.5
2024-10-20T09:00:00,22.3,25.3,26.4
2024-10-20T09:30:00,22.2,25.2,26.4
2024-10-20T10:00:00,22.1,25.1,26.4
2024-10-20T10:30:00,22.1,25.1,26.3
2024-10-20T11:00:00,22.1,25,26.3
2024-10-20T11:30:00,22.2,24.9,26.2
2024-10-20T12:00:00,22.4,24.8,26.2
2024-10-20T12:30:00,22.7,24.8,26.1
2024-10-20T13:00:00,23,24.7,26.1
2024-10-20T13:30:00,23.5,24.7,26
2024-10-20T14:00:00,24,24.7,26
2024-10-20T14:30:00,24.5,24.6,25.9
2024-10-20T15:00:00,25.1,24.6,25.9
2024-10-20T15:30:00,25.6,24.6,25.9
2024-10-20T16:00:00,26.1,24.7,25.8
2024-10-20T16:30:00,26.5,24.7,25.8
2024-10-20T17:00:00,26.8,24.8,25.8
2024-10-20T17:30:00,27,24.9,25.7
2024-10-20T18:00:00,27.1,25,25.7
2024-10-20T18:30:00,27,25,25.7
2024-10-20T19:00:00,26.9,25.1,25.7
2024-10-20T19:30:00,26.7,25.2,25.7
2024-10-20T20:00:00,26.5,25.3,25.7
2024-10-20T20:30:00,26.2,25.3,25.7
2024-10-20T21:00:00,25.9,25.4,25.7
2024-10-20T21:30:00,25.7,25.4,25.7
2024-10-20T22:00:00,25.5,25.4,25.7
2024-10-20T22:30:00,25.2,25.5,25.7
2024-10-20T23:00:00,25,25.5,25.7
2024-10-20T23:30:00,24.8,25.5,25.7
2024-10-21T00:00:00,24.6,25.5,25.7
2024-10-21T00:30:00,24.3,25.4,25.7
2024-10-21T01:00:00,24.1,25.4,25.7
2024-10-21T01:30:00,23.9,25.4,25.7
2024-10-21T02:00:00,23.7,25.3,25.7
2024-10-21T02:30:00,23.4,25.3,25.7
2024-10-21T03:30:00,23,25.2,25.7
2024-10-21T04:00:00,22.9,25.1,25.7
2024-10-21T04:30:00,22.7,25.1,25.7
2024-10-21T05:00:00,22.5,25,25.7
2024-10-21T05:30:00,22.4,25,25.7
2024-10-21T06:00:00,22.2,24.9,25.7
2024-10-21T06:30:00,22.1,24.8,25.7
2024-10-21T07:00:00,21.9,24.8,25.7
2024-10-21T07:30:00,21.8,24.7,25.7
2024-10-21T08:00:00,21.7,24.7,25.6
2024-10-21T08:30:00,21.6,24.6,25.6
2024-10-21T09:00:00,21.5,24.5,25.6
2024-10-21T09:30:00,21.4,24.5,25.6
2024-10-21T10:00:00,21.4,24.4,25.5
2024-10-21T10:30:00,21.4,24.3,25.5
2024-10-21T11:00:00,21.5,24.3,25.5
2024-10-21T11:30:00,21.6,24.2,25.5
2024-10-21T12:00:00,21.8,24.2,25.4
2024-10-21T12:30:00,22,24.1,25.4
2024-10-21T13:00:00,22.1,24,25.4
2024-10-21T13:30:00,22.2,24,25.3
2024-10-21T14:00:00,22.2,24,25.3
2024-10-21T14:30:00,22.1,24,25.3
2024-10-21T15:00:00,22.1,24,25.3
2024-10-21T15:30:00,22.1,23.9,25.2
2024-10-21T16:00:00,22.1,23.9,25.2
2024-10-21T16:30:00,22.1,23.9,25.2
2024-10-21T17:00:00,22,23.9,25.1
2024-10-21T17:30:00,22,23.9,25.1
2024-10-21T18:00:00,22,23.8,25.1
2024-10-21T18:30:00,22,23.8,25.1
2024-10-21T19:00:00,22,23.8,25.1
2024-10-21T19:30:00,21.9,23.8,25
2024-10-21T20:00:00,21.9,23.8,25
2024-10-21T20:30:00,21.7,23.7,25
2024-10-21T21:00:00,21.6,23.7,25
2024-10-21T21:30:00,21.5,23.7,25
2024-10-21T22:00:00,21.4,23.7,24.9
2024-10-21T22:30:00,21.3,23.6,24.9
2024-10-21T23:00:00,21.2,23.6,24.9
2024-10-22T00:00:00,21.1,23.5,24.8
2024-10-22T01:00:00,21.1,23.4,24.8
2024-10-22T01:30:00,21.1,23.4,24.8
2024-10-22T02:00:00,21.1,23.4,24.8
2024-10-22T02:30:00,21.1,23.3,24.7
2024-10-22T03:30:00,21.1,23.3,24.7
2024-10-22T04:00:00,21.1,23.2,24.7
2024-10-22T04:30:00,21.1,23.2,24.7
2024-10-22T05:00:00,21.1,23.2,24.6
2024-10-22T05:30:00,21.2,23.2,24.6
2024-10-22T06:00:00,21.2,23.2,24.6
2024-10-22T06:30:00,21.2,23.1,24.5
2024-10-22T07:00:00,21.3,23.1,24.5
2024-10-22T07:30:00,21.3,23.1,24.5
2024-10-22T08:00:00,21.3,23.1,24.5
2024-10-22T08:30:00,21.3,23.1,24.5
2024-10-22T09:00:00,21.3,23.1,24.4
2024-10-22T09:30:00,21.2,23.1,24.4
2024-10-22T10:00:00,21.1,23,24.4
2024-10-22T10:30:00,21.1,23,24.4
2024-10-22T11:00:00,21.1,23,24.4
2024-10-22T11:30:00,21.1,23,24.4
2024-10-22T12:30:00,21.3,23,24.3
2024-10-22T13:30:00,21.5,23,24.3
2024-10-22T14:00:00,21.7,22.9,24.3
2024-10-22T14:30:00,21.8,23,24.3
2024-10-22T15:00:00,22,22.9,24.2
2024-10-22T15:30:00,22.2,23,24.2
2024-10-22T16:00:00,22.3,23,24.2
2024-10-22T16:30:00,22.5,23,24.2
2024-10-22T17:00:00,22.6,23,24.2
2024-10-22T18:00:00,22.8,23.1,24.2
2024-10-22T18:30:00,22.9,23.1,24.2
2024-10-22T19:00:00,22.9,23.1,24.1
2024-10-22T19:30:00,22.9,23.2,24.1
2024-10-22T20:00:00,22.8,23.2,24.1
2024-10-22T20:30:00,22.7,23.2,24.1
2024-10-22T21:00:00,22.6,23.3,24.1
2024-10-22T21:30:00,22.5,23.3,24.1
2024-10-22T22:00:00,22.3,23.3,24.1
2024-10-22T22:30:00,22.2,23.3,24.1
2024-10-22T23:00:00,22.1,23.3,24.1
2024-10-22T23:30:00,22,23.3,24.1
2024-10-23T00:00:00,21.9,23.3,24.1
2024-10-23T00:30:00,21.8,23.3,24.1
2024-10-23T01:30:00,21.7,23.3,24.1
2024-10-23T02:00:00,21.6,23.2,24.1
2024-10-23T04:30:00,21.5,23.1,24.1
2024-10-23T05:00:00,21.4,23.1,24.1
2024-10-23T06:00:00,21.3,23.1,24.1
2024-10-23T06:30:00,21.3,23,24.1
2024-10-23T07:30:00,21.2,23,24.1
2024-10-23T08:00:00,21.1,23,24
2024-10-23T08:30:00,21.1,23,24
2024-10-23T09:00:00,21,22.9,24
2024-10-23T09:30:00,21,22.9,24
2024-10-23T10:00:00,20.9,22.9,24
2024-10-23T10:30:00,20.9,22.9,24
2024-10-23T11:00:00,21,22.8,24
2024-10-23T11:30:00,21.1,22.8,24
2024-10-23T12:00:00,21.3,22.8,24
2024-10-23T12:30:00,21.5,22.8,23.9
2024-10-23T13:00:00,21.8,22.8,23.9
2024-10-23T13:30:00,22.3,22.8,23.9
2024-10-23T14:00:00,22.9,22.8,23.9
2024-10-23T14:30:00,23.5,22.8,23.9
2024-10-23T15:00:00,24,22.9,23.9
2024-10-23T15:30:00,24.5,22.9,23.9
2024-10-23T16:00:00,25,23,23.9
2024-10-23T16:30:00,25.3,23.1,23.8
2024-10-23T17:00:00,25.6,23.2,23.8
2024-10-23T17:30:00,25.7,23.3,23.8
2024-10-23T18:00:00,25.8,23.4,23.8
2024-10-23T18:30:00,25.8,23.5,23.9
2024-10-23T19:00:00,25.6,23.6,23.9
2024-10-23T19:30:00,25.4,23.8,23.9
2024-10-23T20:00:00,25.1,23.8,23.9
2024-10-23T20:30:00,24.9,23.9,23.9
2024-10-23T21:00:00,24.6,24,23.9
2024-10-23T21:30:00,24.4,24,24
2024-10-23T22:00:00,24.2,24.1,24
2024-10-23T22:30:00,24.1,24.1,24
2024-10-23T23:00:00,24,24.1,24.1
2024-10-23T23:30:00,23.9,24.1,24.1
2024-10-24T00:00:00,23.8,24.1,24.1
2024-10-24T00:30:00,23.7,24.1,24.1
2024-10-24T01:00:00,23.6,24.1,24.1
2024-10-24T01:30:00,23.6,24.1,24.2
2024-10-24T02:00:00,23.5,24.1,24.2
2024-10-24T02:30:00,23.4,24.1,24.2
2024-10-24T03:00:00,23.3,24,24.2
2024-10-24T04:00:00,23,24,24.2
2024-10-24T04:30:00,22.9,24,24.2
2024-10-24T05:00:00,22.8,24,24.2
2024-10-24T05:30:00,22.6,23.9,24.2
2024-10-24T06:00:00,22.5,23.9,24.3
2024-10-24T06:30:00,22.4,23.9,24.3
2024-10-24T07:00:00,22.2,23.8,24.3
2024-10-24T07:30:00,22.1,23.8,24.3
2024-10-24T08:00:00,22,23.8,24.3
2024-10-24T08:30:00,21.8,23.7,24.3