Timestamp,Noureddine_Rojbani_TS01_wind_speed,Noureddine_Rojbani_TS01_wind_direction,Noureddine_Rojbani_TS01_temperature,Noureddine_Rojbani_TS01_air_humidity,Noureddine_Rojbani_TS01_solar_radiation
2024-10-07T06:30:00,0.32,320.2,18.9,92,0
2024-10-07T07:00:00,0.3,217.6,18.7,92.9,0
2024-10-07T07:30:00,0.1,132.1,18.4,93,0
2024-10-07T08:00:00,0,23.6,18.1,93.5,1
2024-10-07T08:30:00,0.1,222.1,18,94.3,15
2024-10-07T09:00:00,0.18,324.6,18.4,95.1,35
2024-10-07T09:30:00,0.34,95.2,19.9,93.8,199
2024-10-07T10:00:00,1,177.1,23.3,75.2,74
2024-10-07T10:30:00,0.27,79.9,25.7,63.5,402
2024-10-07T11:00:00,0.07,180.5,26.8,57,503
2024-10-07T11:30:00,0.32,59.4,27.8,51.6,580
2024-10-07T12:00:00,0.64,123.8,29.7,42.7,680
2024-10-07T12:30:00,0.86,188.3,30.4,39.9,692
2024-10-07T13:00:00,1.27,171,31.5,31.8,771
2024-10-07T13:30:00,0.27,147.4,32.3,33.1,815
2024-10-07T14:00:00,0.29,293.8,32.7,30.5,771
2024-10-07T14:30:00,1.31,188.5,33.3,29.7,768
2024-10-07T15:00:00,2.18,96.5,33.2,29.9,745
2024-10-07T15:30:00,0.91,141.4,33.8,29.2,692
2024-10-07T16:00:00,0.48,62.1,33.5,28,653
2024-10-07T16:30:00,2.63,185,33.2,27,536
2024-10-07T17:00:00,1.08,161.5,32.9,27.2,400
2024-10-07T17:30:00,0.67,187.1,32.6,28.3,366
2024-10-07T18:00:00,0.68,320,32.6,27.8,392
2024-10-07T18:30:00,0.51,176.8,32.4,25.1,191
2024-10-07T19:00:00,0.14,57.3,31.7,27.2,54
2024-10-07T19:30:00,0.43,98.5,29.9,29.5,16
2024-10-07T20:00:00,0.21,23.7,28.2,32.7,2
2024-10-07T20:30:00,0.66,352.7,26.9,47.4,0
2024-10-07T21:00:00,0.1,232.7,26.1,51.4,0
2024-10-07T21:30:00,0.19,203.6,25.1,55.8,0
2024-10-07T22:00:00,0.35,222.1,24.6,57.4,0
2024-10-07T22:30:00,0.05,90.5,24.2,57.7,0
2024-10-07T23:00:00,0.55,175.4,23.8,58.1,0
2024-10-07T23:30:00,0.73,179.7,23.6,59,0
2024-10-08T00:00:00,0.39,181.7,23.7,63.8,0
2024-10-08T00:30:00,0.58,196.5,23.3,67.5,0
2024-10-08T01:00:00,0.31,59.1,22.9,71.4,0
2024-10-08T01:30:00,0.65,197.3,22.4,69.3,0
2024-10-08T02:00:00,0.69,185.1,22.5,72.1,0
2024-10-08T02:30:00,0.3,127.7,22.5,73.8,0
2024-10-08T03:00:00,0.1,265.3,22.2,76,0
2024-10-08T04:00:00,0.82,173.5,22.9,67.9,0
2024-10-08T04:30:00,0.52,152.8,22.5,68.6,0
2024-10-08T05:00:00,0.81,291.2,22.6,59.2,0
2024-10-08T05:30:00,0.62,134.2,22.5,61.1,0
2024-10-08T06:00:00,0.3,279.6,22.1,64.6,0
2024-10-08T06:30:00,0.32,168,21.6,67.6,1
2024-10-08T07:00:00,0.69,185.1,21.6,68.7,0
2024-10-08T07:30:00,0.63,163.3,22.4,65.1,1
2024-10-08T08:00:00,0.25,121.7,23,61.5,0
2024-10-08T08:30:00,0.11,324.6,22,67.4,12
2024-10-08T09:00:00,0.26,147.3,21.4,69.3,49
2024-10-08T09:30:00,0.37,102.3,22.3,69.6,168
2024-10-08T10:00:00,0.69,334.3,25.5,56.7,119
2024-10-08T10:30:00,0.11,0.5,27.9,49.3,300
2024-10-08T11:00:00,0.26,105.6,29.3,44.4,460
2024-10-08T11:30:00,1.45,163,30.6,39.4,545
2024-10-08T12:00:00,0.69,64.3,31.5,38.5,620
2024-10-08T12:30:00,0.51,92.7,30.6,39.7,242
2024-10-08T13:00:00,0.38,34.9,31.2,40.6,544
2024-10-08T13:30:00,0.95,312.2,31.8,36.8,485
2024-10-08T14:00:00,0.4,272,32.4,35.5,441
2024-10-08T14:30:00,0.46,303.2,33.8,32.8,657
2024-10-08T15:00:00,0.87,308.9,33.9,30.8,514
2024-10-08T15:30:00,0.43,113.6,33.6,32.5,372
2024-10-08T16:00:00,0.93,238.6,34,31.5,658
2024-10-08T16:30:00,1.66,57.2,35.3,28.3,556
2024-10-08T17:00:00,1.25,163.5,35.4,27.1,328
2024-10-08T17:30:00,1.03,335.6,35.3,28.1,340
2024-10-08T18:00:00,1.04,33.8,34.7,28.5,258
2024-10-08T18:30:00,0.29,203.5,33.8,28.9,97
2024-10-08T19:00:00,0.86,75.8,33.3,29.8,66
2024-10-08T19:30:00,0.68,140.2,32.9,29.9,21
2024-10-08T20:00:00,0.11,166.8,32,31.5,0
2024-10-08T20:30:00,0.33,168,31.1,32.9,0
2024-10-08T21:00:00,0.27,237.4,30.3,34.4,0
2024-10-08T21:30:00,1.31,105.5,29.7,34.5,1
2024-10-08T22:00:00,0.44,234.5,29.3,34.9,0
2024-10-08T22:30:00,0.66,209.8,30.6,29.1,2
2024-10-08T23:00:00,1.38,206.5,30.9,27.5,0
2024-10-08T23:30:00,0.95,185.2,31.6,26.8,0
2024-10-09T00:00:00,1.65,168.1,30.9,27.8,0
2024-10-09T00:30:00,1.22,171.4,31.1,27.1,0
2024-10-09T01:00:00,0.63,217.5,30.8,27.2,0
2024-10-09T01:30:00,1.17,212.8,29.5,29.2,1
2024-10-09T02:00:00,0.15,349.9,28,37,0
2024-10-09T02:30:00,0.51,285.4,26.8,39.8,1
2024-10-09T04:00:00,0.43,23.5,29.6,28.9,0
2024-10-09T04:30:00,0.27,327.3,27.2,47.7,0
2024-10-09T05:00:00,0.54,327.3,26,58.3,0
2024-10-09T05:30:00,2.36,330.8,24.9,77.5,0
2024-10-09T06:00:00,0.66,7.2,24.5,77.6,0
2024-10-09T06:30:00,1,320.3,24.3,79.7,0
2024-10-09T07:00:00,2.01,301,24.2,83,0
2024-10-09T07:30:00,1.58,325.1,24,80.8,0
2024-10-09T08:00:00,0.97,329.2,24,80.4,0
2024-10-09T08:30:00,1.93,309.3,23.9,78.7,12
2024-10-09T09:00:00,0.96,1,24,78.8,35
2024-10-09T09:30:00,0.46,298.1,24.4,77.5,119
2024-10-09T10:00:00,1.01,34.1,25,77.4,130
2024-10-09T10:30:00,0.63,343.4,25.4,75.4,145
2024-10-09T11:00:00,0.21,54.5,25.8,73.6,241
2024-10-09T11:30:00,0.37,158.6,26.8,70.9,367
2024-10-09T12:00:00,0.23,185.3,27.9,66.5,543
2024-10-09T12:30:00,0.45,318,29,63.3,602
2024-10-09T13:00:00,0.5,100.8,29.5,60.5,642
2024-10-09T13:30:00,0.61,173.9,30.7,55.6,619
2024-10-09T14:00:00,0.47,68.6,30.4,56.4,620
2024-10-09T14:30:00,0.12,79.9,31.4,52.6,585
2024-10-09T15:00:00,0.96,34.9,32,51,645
2024-10-09T15:30:00,0.45,14.1,32,50.7,587
2024-10-09T16:00:00,0.63,307.8,32.2,50,395
2024-10-09T16:30:00,0.07,327.3,32.6,48.3,220
2024-10-09T17:00:00,0.39,84.5,33.5,44.7,452
2024-10-09T17:30:00,1.57,114.8,34,41.5,316
2024-10-09T18:00:00,1.11,54.4,33,48.1,194
2024-10-09T18:30:00,0.33,107.3,32.5,51.5,160
2024-10-09T19:00:00,0.49,81.3,31.2,53.8,62
2024-10-09T19:30:00,0.32,59.2,29.9,61.4,24
2024-10-09T20:00:00,0.61,110.4,28.9,65.1,1
2024-10-09T20:30:00,0.31,307.8,27.9,69.1,0
2024-10-09T21:00:00,0.19,42,27.3,73.2,0
2024-10-09T21:30:00,0.21,158.7,26.7,75.7,0
2024-10-09T22:00:00,0.11,270.6,26.1,78,0
2024-10-09T22:30:00,0.32,119.9,26,78.8,0
2024-10-09T23:00:00,0.32,30,25.8,80,0
2024-10-09T23:30:00,0.37,60.4,25.4,81.4,0
2024-10-10T00:00:00,0.91,120.7,25.3,82.2,0
2024-10-10T00:30:00,0.2,248.7,25,83.7,0
2024-10-10T01:00:00,0.73,89.7,24.9,83.8,0
2024-10-10T01:30:00,0.68,244.2,24.9,83.4,0
2024-10-10T02:00:00,0.16,338.7,24,86.4,0
2024-10-10T02:30:00,0.27,169.9,23.1,89.7,0
2024-10-10T04:00:00,0.23,42.1,21.8,92.2,1
2024-10-10T04:30:00,0.78,28.9,21.7,92.7,0
2024-10-10T05:00:00,0.26,57.4,21.9,92.1,0
2024-10-10T05:30:00,0.42,39,21.4,91.3,0
2024-10-10T06:00:00,0.46,242.4,21,90.2,0
2024-10-10T06:30:00,0.37,125,20.7,88.4,0
2024-10-10T07:00:00,0.73,223.8,21.4,83.5,0
2024-10-10T07:30:00,0.11,248.6,21.8,72.9,0
2024-10-10T08:00:00,0.48,56.1,21.1,74.6,0
2024-10-10T08:30:00,0.16,23.6,21.2,63.3,7
2024-10-10T09:00:00,0.21,203.6,22.5,66.9,48
2024-10-10T09:30:00,0.05,234.6,23.3,68.1,142
2024-10-10T10:00:00,0.05,324.5,25.1,67.5,122
2024-10-10T10:30:00,0.11,312.2,27.7,53.4,352
2024-10-10T11:00:00,0.32,59.2,30.7,38.3,369
2024-10-10T11:30:00,0.62,27,33.2,40.2,290
2024-10-10T12:00:00,0.93,179.2,37.2,13.1,565
2024-10-10T12:30:00,1.74,177.1,38.8,12,564
2024-10-10T13:00:00,2.63,237.7,39.8,11.7,715
2024-10-10T13:30:00,2.8,216.5,39.8,12.1,720
2024-10-10T14:00:00,4.21,190.2,39.6,11.1,731
2024-10-10T14:30:00,1.95,194.5,39.9,12.9,705
2024-10-10T15:00:00,3.31,217.3,39.9,11.7,686
2024-10-10T15:30:00,3.49,206.6,40.2,11.1,635
2024-10-10T16:00:00,2.34,228.1,40.3,9.9,569
2024-10-10T16:30:00,1.71,209.9,40.4,10.3,514
2024-10-10T17:00:00,2.1,195.1,40.3,11,460
2024-10-10T17:30:00,5.44,242.7,40.2,11.3,358
2024-10-10T18:00:00,2.28,219.5,39.6,12,234
2024-10-10T18:30:00,0.73,235.7,39.1,12,155
2024-10-10T19:00:00,0.59,12.3,37.7,14.4,71
2024-10-10T19:30:00,1.24,34.3,36.3,12.9,21
2024-10-10T20:00:00,0.5,351.3,34.9,14.7,0
2024-10-10T20:30:00,2,41.3,33,16.2,0
2024-10-10T21:00:00,0.22,324.8,31.4,20,0
2024-10-10T21:30:00,1.4,323,30.7,20,1
2024-10-10T22:00:00,0.07,158.7,28.9,23.7,0
2024-10-10T22:30:00,0.35,203.6,27.4,25.9,1
2024-10-10T23:00:00,0.22,324.5,27,28.8,1
2024-10-10T23:30:00,0.43,278.4,26.5,65.6,0
2024-10-11T00:00:00,0.52,301.6,25.6,82.6,0
2024-10-11T00:30:00,0.54,7.5,25.3,88.3,0
2024-10-11T01:00:00,0.5,306.4,25.1,89.9,0
2024-10-11T01:30:00,2.09,264.5,25.4,84.3,0
2024-10-11T02:00:00,0.63,343.1,25.6,79.7,0
2024-10-11T02:30:00,0.42,293.4,25.4,79.7,0
2024-10-11T04:00:00,1.59,12.5,25,84.4,0
2024-10-11T04:30:00,0.11,81.2,24.8,80.6,0
2024-10-11T05:00:00,0.21,293.3,23.8,85.8,0
2024-10-11T05:30:00,0.38,322.5,23.3,81.2,0
2024-10-11T06:00:00,0.21,338.5,22.8,84.1,0
2024-10-11T06:30:00,0.16,23.4,22.1,87.3,0
2024-10-11T07:00:00,0.28,316.7,21.7,89.2,0
2024-10-11T07:30:00,0.16,349.8,21.6,89.5,0
2024-10-11T08:00:00,0.3,307.5,21.4,89.7,0
2024-10-11T08:30:00,0.21,324.5,21.3,90.7,14
2024-10-11T09:00:00,0.32,329.1,21.6,91.2,49
2024-10-11T09:30:00,0.25,301.8,23,84.8,129
2024-10-11T10:00:00,0.32,59.2,24.8,73.7,185
2024-10-11T10:30:00,0.62,9.6,25.9,70.1,376
2024-10-11T11:00:00,0.91,2.1,26.4,67.6,447
2024-10-11T11:30:00,1.25,348.3,26.5,65.4,327
2024-10-11T12:00:00,2.36,43.6,26.9,63,223
2024-10-11T12:30:00,0.91,44.9,27.8,60.3,596
2024-10-11T13:00:00,0.57,12.2,28.7,58,515
2024-10-11T13:30:00,1.68,32.3,29.2,54.5,828
2024-10-11T14:00:00,1.75,13.5,29.8,54.4,804
2024-10-11T14:30:00,0.69,110.6,30.4,52.6,757
2024-10-11T15:00:00,0.45,32.9,30,51.7,598
2024-10-11T15:30:00,1.95,46,30,51.2,650
2024-10-11T16:00:00,2.07,92.3,29.7,50.1,581
2024-10-11T16:30:00,2.83,51.8,30,48.8,519
2024-10-11T17:00:00,0.71,81.4,29.5,50.2,294
2024-10-11T17:30:00,0.85,285.9,29.5,49.4,289
2024-10-11T18:00:00,0.82,233.6,27.9,51.7,228
2024-10-11T18:30:00,1,230.1,27.4,54,146
2024-10-11T19:00:00,0.27,327.4,26.6,56.6,56
2024-10-11T19:30:00,1.19,298.9,25.6,60.5,33
2024-10-11T20:00:00,0.58,312.1,25.1,60.5,0
2024-10-11T20:30:00,0.53,297.6,24.8,61.2,0
2024-10-11T21:00:00,0.51,15.5,24.4,59.5,0
2024-10-11T21:30:00,0.53,27.4,24,62.2,0
2024-10-11T22:00:00,1.16,50.1,23.6,65,0
2024-10-11T22:30:00,0.3,9.6,23.1,67.8,0
2024-10-11T23:00:00,0.21,293.8,22.3,72.9,0
2024-10-11T23:30:00,0.11,172.7,21.4,75.8,1
2024-10-12T00:00:00,0.33,177,21.1,74.5,1
2024-10-12T00:30:00,0.07,144.7,20.6,76.4,1
2024-10-12T01:00:00,0.1,211.7,20.3,79.5,1
2024-10-12T01:30:00,0.38,174.6,20.3,79,0
2024-10-12T02:00:00,0.05,68.6,20.4,79.3,0
2024-10-12T02:30:00,0,338.6,19.7,82.3,0
2024-10-12T03:00:00,0.11,262.6,19.4,85,0
2024-10-12T04:00:00,0,222,19,86.3,0
2024-10-12T04:30:00,0.15,195.4,18.8,88.1,1
2024-10-12T05:00:00,0.53,219.6,19,87.2,0
2024-10-12T05:30:00,0.16,352.7,18.8,88.4,0
2024-10-12T06:00:00,0.06,352.6,18.3,90,0
2024-10-12T06:30:00,0.1,42.1,17.9,91.4,1
2024-10-12T07:00:00,0.2,293.7,18.7,91,0
2024-10-12T07:30:00,0.32,300.1,19.4,88.8,0
2024-10-12T08:00:00,0.28,293.7,19.6,87.3,0
2024-10-12T08:30:00,0.1,338.7,19.9,85.3,6
2024-10-12T09:00:00,0.15,275.1,20.1,86,44
2024-10-12T09:30:00,0.33,320.1,21,83.1,73
2024-10-12T10:00:00,0.44,48,22.7,75.2,184
2024-10-12T10:30:00,0.8,37.1,24.7,66.5,292
2024-10-12T11:00:00,0.55,231.8,26.2,60.4,151
2024-10-12T11:30:00,1.06,77.1,25.9,58.9,337
2024-10-12T12:00:00,0.54,57.3,27,55.4,211
2024-10-12T12:30:00,1.45,321.5,28.6,50.5,681
2024-10-12T13:00:00,1.29,59.1,28.8,50,783
2024-10-12T13:30:00,1.42,349.6,30.2,44.4,741
2024-10-12T14:00:00,1.42,72.8,29.7,42.7,732
2024-10-12T14:30:00,0.59,312.1,30.6,42.8,721
2024-10-12T15:00:00,0.59,343.8,30.4,43.4,693
2024-10-12T15:30:00,1.03,13.1,31,38.3,651
2024-10-12T16:00:00,0.28,0.3,31.3,38.6,593
2024-10-12T16:30:00,0.54,152.8,31.8,36.8,521
2024-10-12T17:00:00,0.26,301.6,30.2,41.6,441
2024-10-12T17:30:00,0.51,356.8,30.2,41.9,351
2024-10-12T18:00:00,1.08,191.2,29.8,42.8,253
2024-10-12T18:30:00,1.09,27.3,29.3,45.2,161
2024-10-12T19:00:00,0.19,149.1,28.2,47.9,73
2024-10-12T19:30:00,0.75,20.8,26.9,50.6,14
2024-10-12T20:00:00,0.75,56.5,25.9,55,0
2024-10-12T20:30:00,0.35,132.3,25.1,59.9,0
2024-10-12T21:00:00,0.96,21.6,24.5,62.8,0
2024-10-12T21:30:00,0.44,48.1,24,65.4,0
2024-10-12T22:00:00,0.16,9.6,23.2,69.8,0
2024-10-12T22:30:00,0.1,234.6,22.3,72.8,0
2024-10-12T23:00:00,0.39,181.9,21.9,71.4,0
2024-10-12T23:30:00,0.07,172.7,21.2,74,0
2024-10-13T00:00:00,0.05,234.6,20.6,78.4,1
2024-10-13T00:30:00,0.33,177.3,20.4,80,1
2024-10-13T01:00:00,0.2,158.6,20.2,79.7,0
2024-10-13T01:30:00,0.16,158.7,20.3,81,1
2024-10-13T02:00:00,0.1,222.1,20.1,82.3,0
2024-10-13T02:30:00,0.26,169.9,19.9,84,0
2024-10-13T03:00:00,0,234.6,19.8,84.1,0
2024-10-13T04:00:00,0.21,203.6,19.3,88.5,0
2024-10-13T04:30:00,0,158.6,18.9,88.6,0
2024-10-13T05:00:00,0.05,237.4,18.2,89.4,1
2024-10-13T05:30:00,0.05,23.7,18.2,91.3,1
2024-10-13T06:00:00,0.05,42.1,18.1,92.1,1
2024-10-13T06:30:00,0.11,203.6,17.8,92.4,2
2024-10-13T07:00:00,0.15,338.6,17.6,93,1
2024-10-13T07:30:00,0.06,338.6,17.6,93.7,1
2024-10-13T08:00:00,0.2,338.7,17.6,94.3,1
2024-10-13T08:30:00,0.11,352.6,17.6,94.4,9
2024-10-13T09:00:00,0.11,293.7,18.2,94.3,28
2024-10-13T09:30:00,0.77,220.2,19.9,89.6,64
2024-10-13T10:00:00,0.43,262.7,22.1,82.7,267
2024-10-13T10:30:00,0.16,31.8,25.2,68.6,362
2024-10-13T11:00:00,1.27,144.1,26.9,62.8,469
2024-10-13T11:30:00,0.26,195.6,27.7,59.6,548
2024-10-13T12:00:00,0.68,248.7,28.9,55.2,620
2024-10-13T12:30:00,0.5,100.8,29.4,51.8,671
2024-10-13T13:00:00,0.33,17.4,30.2,48.5,710
2024-10-13T13:30:00,0.91,40.5,30.5,45.7,730
2024-10-13T14:00:00,0.86,196.1,30.7,44.9,735
2024-10-13T14:30:00,0.83,169.9,32.1,39.7,726
2024-10-13T15:00:00,1.71,36.3,31.1,41.2,695
2024-10-13T15:30:00,0.27,349.9,31.6,38.6,650
2024-10-13T16:00:00,0.55,169.8,31.6,39.3,594
2024-10-13T16:30:00,0.27,327.1,31.7,33.6,527
2024-10-13T17:00:00,0.38,346.6,31.8,34.9,445
2024-10-13T17:30:00,1.42,97.7,31.8,33.8,355
2024-10-13T18:00:00,1.19,25.1,30.7,38.7,259
2024-10-13T18:30:00,0.83,111.1,30.5,39.3,165
2024-10-13T19:00:00,1.49,32.1,29.1,43.3,56
2024-10-13T19:30:00,0.26,105.5,27.6,48.9,12
2024-10-13T20:00:00,0.32,168.1,26.4,53.8,0
2024-10-13T20:30:00,0.42,8.5,25.3,59.6,0
2024-10-13T21:00:00,0.27,327.4,24.4,62.5,0
2024-10-13T21:30:00,0.05,68.7,23.4,65.6,0
2024-10-13T22:00:00,0,68.7,22.7,69,0
2024-10-13T22:30:00,0.11,144.7,21.9,72.8,0
2024-10-13T23:00:00,0.07,132.1,21.7,72.5,0
2024-10-13T23:30:00,0.05,42.1,21.1,75.4,0
2024-10-14T00:00:00,0.07,293.6,20.5,77.9,1
2024-10-14T00:30:00,0.62,183,20.9,76.9,0
2024-10-14T01:00:00,0.69,185.2,21,78.1,0
2024-10-14T01:30:00,0.16,68.7,20.8,79.4,0
2024-10-14T02:00:00,0.31,168.2,20,84.6,0
2024-10-14T02:30:00,0.67,181.2,19.9,84.8,0
2024-10-14T03:00:00,0.28,203.6,19.8,84.5,0
2024-10-14T03:30:00,0.55,180.4,19.5,84.9,0
2024-10-14T04:00:00,0.62,158.7,19.3,85.6,0
2024-10-14T04:30:00,0.83,180.5,19.1,87.1,0
2024-10-14T05:00:00,0.22,185.2,19,86.5,0
2024-10-14T05:30:00,0.16,352.6,18.3,88.5,0
2024-10-14T06:00:00,0.31,300,17.4,91,0
2024-10-14T06:30:00,0.22,275.2,17.2,92,0
2024-10-14T07:00:00,0.25,195.5,16.9,92.7,1
2024-10-14T07:30:00,0,234.5,16.5,92.8,1
2024-10-14T08:00:00,0.16,5.1,16.9,93.3,0
2024-10-14T08:30:00,0.05,293.7,16.9,93.9,10
2024-10-14T09:00:00,0.26,260,17.8,92.8,35
2024-10-14T09:30:00,0.61,178.6,19.7,92,106
2024-10-14T10:00:00,1.41,171.6,22.5,82,254
2024-10-14T10:30:00,1.01,186.6,24,77.2,343
2024-10-14T11:00:00,0.85,129.1,25.4,71,439
2024-10-14T11:30:00,1.31,182.2,26.6,63.9,518
2024-10-14T12:00:00,0.86,199,27.6,54.1,586
2024-10-14T12:30:00,1.06,197.8,29.2,46.9,641
2024-10-14T13:00:00,0.51,177,30.4,36.8,677
2024-10-14T13:30:00,0.69,200.7,31.7,30.8,697
2024-10-14T14:00:00,0.92,92.3,32.2,33,704
2024-10-14T14:30:00,0.38,124.9,33,26.2,692
2024-10-14T15:00:00,0.45,213.2,33.8,22.7,667
2024-10-14T15:30:00,0.39,52.7,34.4,23,615
2024-10-14T16:00:00,0.47,19.1,33.9,24.1,557
2024-10-14T16:30:00,1.51,31.9,33.3,22.2,496
2024-10-14T17:00:00,0.56,219.4,33.8,23.3,412
2024-10-14T17:30:00,1.23,7.2,33.5,21.9,324
2024-10-14T18:00:00,0.1,338.5,33.5,22.7,229
2024-10-14T18:30:00,0.87,8.1,32.3,24.9,137
2024-10-14T19:00:00,1.23,50.9,30.9,40.6,49
2024-10-14T19:30:00,0.92,30.5,28.8,49.9,13
2024-10-14T20:00:00,0.73,17.9,27.6,53.6,0
2024-10-14T20:30:00,0.64,154,26.7,59.1,0
2024-10-14T21:00:00,0.25,15.5,25.7,66.1,0
2024-10-14T21:30:00,0.39,1.9,24.7,72,0
2024-10-14T22:00:00,0.05,203.6,23.9,76.6,0
2024-10-14T22:30:00,0.21,113.6,23.2,79.1,0
2024-10-14T23:00:00,0.21,172.7,22.5,82,0
2024-10-14T23:30:00,0.18,113.6,22.1,82.7,0
2024-10-15T00:00:00,0.56,180.3,21.9,83.7,0
2024-10-15T00:30:00,0.34,185.3,21.9,85,0
2024-10-15T01:00:00,0.65,187.3,21.8,86.3,0
2024-10-15T01:30:00,0.56,180.4,21.7,87.5,0
2024-10-15T02:00:00,0.52,164.3,21.6,88.1,0
2024-10-15T03:30:00,0.44,194.2,20.4,91.2,0
2024-10-15T04:00:00,0.14,234.6,20.4,91.6,0
2024-10-15T04:30:00,0.54,175.4,20.3,91.9,0
2024-10-15T05:00:00,0.25,195.5,20.2,92.5,0
2024-10-15T05:30:00,0.16,234.6,20.1,93.2,0
2024-10-15T06:00:00,0.46,185.1,20,94,0
2024-10-15T06:30:00,0.34,185.1,20,94.7,0
2024-10-15T07:00:00,0.31,158.6,19.7,94.8,0
2024-10-15T07:30:00,0.15,144.6,19.3,95,1
2024-10-15T08:00:00,0.32,230.2,19,95.2,0
2024-10-15T08:30:00,0.41,241.4,18.7,95.3,8
2024-10-15T09:00:00,0.74,236.5,19,95.5,35
2024-10-15T09:30:00,0.36,248.7,20.4,94.8,71
2024-10-15T10:00:00,0.68,181.2,22.2,91.3,263
2024-10-15T10:30:00,0.32,300,24.6,79.3,347
2024-10-15T11:00:00,0.31,217.7,26.3,71.3,440
2024-10-15T11:30:00,0.26,122,27.8,64.5,502
2024-10-15T12:00:00,1.06,287.7,28.4,59.6,604
2024-10-15T12:30:00,1.55,19.6,29.3,54.4,665
2024-10-15T13:00:00,0.38,150.5,29.8,52.8,705
2024-10-15T13:30:00,0.19,42.1,30.2,51.1,726
2024-10-15T14:00:00,0.8,225.4,31,50.2,727
2024-10-15T14:30:00,1.35,28.2,31.3,45.7,717
2024-10-15T15:00:00,0.69,290.6,31.8,43.6,683
2024-10-15T15:30:00,0.5,146.1,32.8,42.2,638
2024-10-15T16:00:00,0.73,51.4,31.5,39.9,582
2024-10-15T16:30:00,0.85,50,32.2,39.7,509
2024-10-15T17:00:00,1.04,56.5,31.5,43,423
2024-10-15T17:30:00,0.54,199.5,32.1,40.6,337
2024-10-15T18:00:00,0.86,30.8,31.6,40,243
2024-10-15T18:30:00,0.76,346.5,30.6,42.8,154
2024-10-15T19:00:00,0.19,37.5,29.3,48.6,56
2024-10-15T19:30:00,1,74.6,27.5,53.6,12
2024-10-15T20:00:00,0.21,113.6,26.3,59.7,0
2024-10-15T20:30:00,0.78,68.6,25.2,67,0
2024-10-15T21:00:00,0.53,27.3,24.1,74.4,0
2024-10-15T21:30:00,0.58,344,23.3,79.1,0
2024-10-15T22:00:00,0.3,99.7,22.6,84.1,0
2024-10-15T22:30:00,0.21,172.7,22.1,86.2,0
2024-10-15T23:00:00,0.26,169.9,21.5,87.7,0
2024-10-15T23:30:00,0.23,312.1,21.2,88.6,0
2024-10-16T00:00:00,0.26,260,21.1,90.3,0
2024-10-16T00:30:00,0.2,158.6,21.1,89.6,0
2024-10-16T01:00:00,0.2,158.6,20.7,90.3,0
2024-10-16T01:30:00,0.38,174.5,20.2,91,0
2024-10-16T02:00:00,0.61,178.6,20.2,91.6,0
2024-10-16T02:30:00,0.49,190.7,20.4,91.4,0
2024-10-16T03:30:00,0.21,172.7,19.9,92.4,0
2024-10-16T04:00:00,0.15,185.2,19.7,93.4,1
2024-10-16T04:30:00,0.27,90.5,19.4,94.1,0
2024-10-16T05:00:00,0.06,42.1,19,94.5,0
2024-10-16T05:30:00,0.47,236.2,19,95.5,2
2024-10-16T06:00:00,0.49,320.3,18.9,96,1
2024-10-16T06:30:00,0.22,185.1,18.6,96.2,1
2024-10-16T07:00:00,0.37,174.6,18.7,96.7,0
2024-10-16T07:30:00,0.1,158.6,18.6,97,1
2024-10-16T08:00:00,0.11,68.6,18.2,97,0
2024-10-16T08:30:00,0.21,234.6,18,97.3,9
2024-10-16T09:00:00,0.21,54.6,18,97.5,34
2024-10-16T09:30:00,0.7,231.5,19.5,98.2,123
2024-10-16T10:00:00,0.48,81.2,20.9,98.1,241
2024-10-16T10:30:00,0.56,215.1,22.1,95.5,327
2024-10-16T11:00:00,0.91,182.3,24.2,75.8,430
2024-10-16T11:30:00,0.11,149.4,26.2,64.8,530
2024-10-16T12:00:00,0.05,181.8,28.2,54.3,601
2024-10-16T12:30:00,0.38,12.2,29.7,47.7,659
2024-10-16T13:00:00,0.47,312.2,31.7,40.7,699
2024-10-16T13:30:00,0.45,213.2,32.2,34.6,735
2024-10-16T14:00:00,0.43,188.3,33.3,31.8,678
2024-10-16T14:30:00,0.82,237.3,33.9,31,366
2024-10-16T15:00:00,1.46,189.9,34.5,30.7,463
2024-10-16T15:30:00,0.98,152.2,34.1,29,712
2024-10-16T16:00:00,1.02,126.6,34,27.3,462
2024-10-16T16:30:00,0.44,54.4,34.1,25.6,317
2024-10-16T17:00:00,0.75,64.3,35,24.2,523
2024-10-16T17:30:00,0.73,231.3,35.1,23.8,369
2024-10-16T18:00:00,0.11,182.6,34.5,24.6,72
2024-10-16T18:30:00,0.66,30,31.5,28.9,74
2024-10-16T19:00:00,0.26,68.7,31.2,29.7,86
2024-10-16T19:30:00,0.48,62.3,29.9,31.8,13
2024-10-16T20:00:00,1.35,33,28.6,45.7,0
2024-10-16T20:30:00,2.11,33.7,27.3,53.7,0
2024-10-16T21:00:00,0.64,293.6,26.4,56.5,0
2024-10-16T21:30:00,0.54,349.9,26,58.4,0
2024-10-16T22:00:00,0.82,222,25.7,63.5,0
2024-10-16T22:30:00,0.66,97.3,25.2,66.8,0
2024-10-16T23:00:00,0.23,132.1,24.7,70.9,0
2024-10-16T23:30:00,0,352.6,24.3,71.3,0
2024-10-17T00:00:00,0.16,23.8,23.7,73.6,0
2024-10-17T00:30:00,0.05,338.7,22.9,76,0
2024-10-17T01:00:00,0.11,113.7,22.5,76.6,1
2024-10-17T01:30:00,0.26,237.3,23.4,71,1
2024-10-17T02:00:00,0.23,185.2,23.5,69.7,0
2024-10-17T02:30:00,0.51,105.6,23.5,68,1
2024-10-17T03:30:00,0.16,132.2,23.8,64.4,0
2024-10-17T04:00:00,0.39,181.8,23.7,67,0
2024-10-17T04:30:00,0.34,5.2,22.3,72.7,0
2024-10-17T05:00:00,0.16,95.2,21.4,77,0
2024-10-17T05:30:00,0.26,350,21,78.6,0
2024-10-17T06:00:00,0.05,147.3,20.9,79.7,0
2024-10-17T06:30:00,0.37,12.3,20.7,81.7,0
2024-10-17T07:00:00,0.11,293.7,20.7,82.7,0
2024-10-17T07:30:00,0.07,132.1,20.4,85,1
2024-10-17T08:00:00,0,121.9,20.3,84.2,1
2024-10-17T08:30:00,0.48,171.2,20.2,80.9,6
2024-10-17T09:00:00,0.58,238.3,20,78.2,50
2024-10-17T09:30:00,0.58,185.2,21.2,73.8,122
2024-10-17T10:00:00,0.42,38.8,23.6,64,245
2024-10-17T10:30:00,0.65,262.7,27.3,43.1,370
2024-10-17T11:00:00,0.07,248.6,29.9,34.7,252
2024-10-17T11:30:00,0.35,95.3,30.9,30.9,365
2024-10-17T12:00:00,1.53,150.6,33.2,25.8,324
2024-10-17T12:30:00,0.26,121.9,32.7,24.6,202
2024-10-17T13:00:00,0.22,262.7,35,23.2,647
2024-10-17T13:30:00,0.81,198.4,35.1,21.4,752
2024-10-17T14:00:00,0.26,121.8,36.1,19.8,601
2024-10-17T14:30:00,0.44,218.9,37.2,18.4,628
2024-10-17T15:00:00,1.06,92.6,38.5,16.7,788
2024-10-17T15:30:00,1.44,150,36,18.7,193
2024-10-17T16:00:00,1.79,100,35.9,19.3,329
2024-10-17T16:30:00,0.32,127.6,37.4,18.6,559
2024-10-17T17:00:00,0.07,248.6,36.6,18.4,152
2024-10-17T17:30:00,1.06,53.9,34.5,20.5,141
2024-10-17T18:00:00,0.76,133.8,35.2,20.2,237
2024-10-17T18:30:00,0.56,97.7,33.9,26.6,136
2024-10-17T19:00:00,0.7,154.3,31.2,40.5,85
2024-10-17T19:30:00,0.85,31,29.8,45.5,14
2024-10-17T20:00:00,0.78,220.3,28.4,49.8,0
2024-10-17T20:30:00,0.14,158.7,27.7,52.8,0
2024-10-17T21:00:00,0.23,185.2,27.1,55,0
2024-10-17T21:30:00,0.33,357.1,26.5,56.3,0
2024-10-17T22:00:00,0.1,23.7,25.6,59.2,0
2024-10-17T22:30:00,0.21,158.6,25.5,56.7,1
2024-10-17T23:00:00,0.23,222.1,25.6,56.3,0
2024-10-17T23:30:00,0.23,275.2,24.9,58.8,0
2024-10-18T00:00:00,0.1,248.6,24.4,60.5,0
2024-10-18T00:30:00,0.15,248.8,23.7,61.9,0
2024-10-18T01:00:00,0.26,259.9,23.1,64.3,0
2024-10-18T01:30:00,0.16,338.7,22.9,65.7,0
2024-10-18T02:00:00,0.6,290.2,22.7,66,0
2024-10-18T02:30:00,0.05,352.7,22.4,66.9,0
2024-10-18T03:30:00,0.1,320.2,21.6,70.9,0
2024-10-18T04:00:00,0.05,293.7,21.6,71.4,0
2024-10-18T04:30:00,0.33,320.2,20.9,73.9,1
2024-10-18T05:00:00,0.11,324.6,20.3,77.7,0
2024-10-18T05:30:00,0.05,248.7,21.3,79.4,0
2024-10-18T06:00:00,0.88,321.3,21,86.9,0
2024-10-18T06:30:00,0.75,305,21.6,90.1,0
2024-10-18T07:00:00,1.58,304.5,22.3,89.2,0
2024-10-18T07:30:00,2.04,314.7,22.1,88,0
2024-10-18T08:00:00,0.39,91.8,21.6,87.7,0
2024-10-18T08:30:00,0.18,357.1,22.9,91.5,5
2024-10-18T09:00:00,1.25,314.2,23.4,89,36
2024-10-18T09:30:00,0.82,353.6,23.8,87.8,70
2024-10-18T10:00:00,1.44,313.1,24.5,84.1,133
2024-10-18T10:30:00,2.49,279.8,25.7,79.5,359
2024-10-18T11:00:00,0.54,327.5,26.5,74.8,421
2024-10-18T11:30:00,0.86,278.5,27,71.2,506
2024-10-18T12:00:00,0.63,73.4,27.3,68.9,319
2024-10-18T12:30:00,1.41,309.2,27.8,65.4,743
2024-10-18T13:00:00,0.82,312.2,28.1,63.5,363
2024-10-18T13:30:00,2.42,305.3,28.3,60.3,408
2024-10-18T14:00:00,3.27,337.8,29.7,56,745
2024-10-18T14:30:00,1.78,306.1,30.3,52.1,800
2024-10-18T15:00:00,1.78,297.2,29.9,54.5,344
2024-10-18T15:30:00,0.52,44.8,29.2,54.9,185
2024-10-18T16:00:00,1.22,309.8,30.3,51.5,591
2024-10-18T16:30:00,2.33,323.9,29.5,55.5,287
2024-10-18T17:00:00,2.58,54.3,27.8,59.3,159
2024-10-18T17:30:00,0.43,38.9,26.3,62.3,106
2024-10-18T18:00:00,2.81,341.9,25.4,64.3,75
2024-10-18T18:30:00,0.62,63.9,25.1,65.8,67
2024-10-18T19:00:00,1.57,300.3,24.9,66.5,58
2024-10-18T19:30:00,1.86,317.2,24.6,67.2,10
2024-10-18T20:00:00,0.63,338.7,24.1,68.8,0
2024-10-18T20:30:00,0.27,327.5,23.6,70.6,0
2024-10-18T21:00:00,0.07,338.8,23,73.2,0
2024-10-18T21:30:00,0.07,338.7,22.4,75.4,0
2024-10-18T22:00:00,0.15,352.6,22.1,77.1,0
2024-10-18T22:30:00,0.14,203.5,21.9,77,0
2024-10-18T23:00:00,0.26,350,21.3,79.6,0
2024-10-18T23:30:00,0.16,113.7,20.9,80.7,0
2024-10-19T00:00:00,0.2,338.6,20.8,81.6,0
2024-10-19T00:30:00,0.85,328,20.2,83.4,0
2024-10-19T01:00:00,0.1,312.1,20,84.4,0
2024-10-19T01:30:00,0.05,338.7,19.5,85.4,0
2024-10-19T02:00:00,0.67,316.1,19.5,84.6,1
2024-10-19T02:30:00,1.07,324.6,19.7,83.2,0
2024-10-19T03:30:00,0.26,327.3,19.4,84.6,1
2024-10-19T04:00:00,0.32,29.9,19.2,85.9,2
2024-10-19T04:30:00,0.73,43.8,20.7,81.6,1
2024-10-19T05:00:00,0.95,348.1,20.8,80.4,0
2024-10-19T05:30:00,0.14,68.7,20.5,81.8,0
2024-10-19T06:00:00,0.1,17.2,20,84.7,0
2024-10-19T06:30:00,0.9,328.7,20.1,79,0
2024-10-19T07:00:00,0.11,68.6,19.7,79.9,0
2024-10-19T07:30:00,0.92,354.9,20.1,77.4,0
2024-10-19T08:00:00,0.41,309,19.9,77.2,0
2024-10-19T08:30:00,0.1,37.7,19.5,78.1,3
2024-10-19T09:00:00,0.62,303.7,19.2,77.8,21
2024-10-19T09:30:00,0.21,324.6,19.7,75.1,66
2024-10-19T10:00:00,0.2,248.7,21.4,68.9,394
2024-10-19T10:30:00,1.62,39.6,22,63,367
2024-10-19T11:00:00,0.63,343.6,22.7,59.8,439
2024-10-19T11:30:00,0.81,206,22.4,58.8,272
2024-10-19T12:00:00,0.49,10.6,23.3,56.3,743
2024-10-19T12:30:00,0.6,353.9,22.6,57.2,208
2024-10-19T13:00:00,0.57,16.4,22,58.9,159
2024-10-19T13:30:00,1.13,2.9,22.9,55.4,240
2024-10-19T14:00:00,1.4,349.6,24.2,50.4,756
2024-10-19T14:30:00,0.62,44.2,25.1,47.4,768
2024-10-19T15:00:00,0.92,37.6,25,47.2,693
2024-10-19T15:30:00,2.01,35.2,24.7,47.9,661
2024-10-19T16:00:00,0.25,285.5,24.9,45.3,612
2024-10-19T16:30:00,0.3,37.6,24.7,47.4,518
2024-10-19T17:00:00,0.79,298.6,24.7,46.4,417
2024-10-19T17:30:00,0.7,14.3,25,47.4,329
2024-10-19T18:00:00,0.73,8.6,24.4,47.6,234
2024-10-19T18:30:00,0.65,17.1,23.7,46.2,143
2024-10-19T19:00:00,0.56,12.2,22.9,47.2,31
2024-10-19T19:30:00,0.56,215,21.9,49.8,6
2024-10-19T20:00:00,0.33,140.2,21.2,51.4,0
2024-10-19T20:30:00,0.31,338.7,20,56.9,0
2024-10-19T21:00:00,0.18,5.2,18.5,61.3,0
2024-10-19T21:30:00,0.11,262.7,17.8,62.3,1
2024-10-19T22:00:00,0.2,68.6,17.9,61.9,0
2024-10-19T22:30:00,0.18,54.5,17.1,65.5,0
2024-10-19T23:00:00,0.42,234.6,17.7,61.3,0
2024-10-19T23:30:00,0.22,42,16.6,66.8,0
2024-10-20T00:00:00,0.21,54.6,16.2,68.3,0
2024-10-20T00:30:00,0.22,5.1,16.3,67.3,1
2024-10-20T01:00:00,0.69,325.6,17.9,58.7,2
2024-10-20T01:30:00,0.6,307.7,18.1,59.5,0
2024-10-20T02:00:00,1.11,297.2,17.4,63.8,0
2024-10-20T02:30:00,0.2,68.6,16.5,66,0
2024-10-20T03:30:00,0.75,322.7,16.1,68.9,1
2024-10-20T04:00:00,0.2,23.6,16.3,68.1,0
2024-10-20T04:30:00,0.93,21.5,16.2,69,0
2024-10-20T05:00:00,0.18,54.4,16,70.4,1
2024-10-20T05:30:00,1,301.9,16.3,69.2,2
2024-10-20T06:00:00,1.13,333.4,17,66.5,0
2024-10-20T06:30:00,0.83,308.9,17,66.6,0
2024-10-20T07:00:00,0.36,282.4,16.2,70.6,0
2024-10-20T07:30:00,0.32,50.1,16,72,0
2024-10-20T08:00:00,0.38,45.5,15.7,73.7,0
2024-10-20T08:30:00,0.5,15.4,15.7,73.1,7
2024-10-20T09:00:00,0.36,35,16.7,66.8,53
2024-10-20T09:30:00,0.15,147.3,17.1,67.5,70
2024-10-20T10:00:00,0.53,277.6,18.7,62.7,274
2024-10-20T10:30:00,0.42,8.4,20.3,58.6,374
2024-10-20T11:00:00,0.52,338.7,21.8,54.6,489
2024-10-20T11:30:00,0.92,19.2,22.4,54.8,375
2024-10-20T12:00:00,0.71,18,22.1,53.9,602
2024-10-20T12:30:00,1.16,357,23,51.7,635
2024-10-20T13:00:00,1.06,19.9,23.9,47.9,722
2024-10-20T13:30:00,1.17,28.8,24.3,44.7,409
2024-10-20T14:00:00,1.04,119.5,24.8,42.1,772
2024-10-20T14:30:00,0.46,95.3,24.8,42.4,722
2024-10-20T15:00:00,0.63,23.6,25.2,42.4,545
2024-10-20T15:30:00,1.2,39.7,25.1,42.3,589
2024-10-20T16:00:00,0.2,68.7,25.1,43.6,613
2024-10-20T16:30:00,0.63,338.5,24.6,41.4,418
2024-10-20T17:00:00,0.37,256.7,24.9,43.1,219
2024-10-20T17:30:00,0.16,54.6,23.6,45.1,159
2024-10-20T18:00:00,1.42,51.6,23.4,43.8,151
2024-10-20T18:30:00,0.84,293.8,22.7,47.6,62
2024-10-20T19:00:00,0.84,23.7,22.1,50.2,26
2024-10-20T19:30:00,0.21,54.7,21.6,51.7,2
2024-10-20T20:00:00,0.16,42.1,21.2,54,0
2024-10-20T20:30:00,0.31,348.1,20.8,55.1,0
2024-10-20T21:00:00,0.11,234.5,20.3,56.8,0
2024-10-20T21:30:00,0.11,248.6,19.9,57.8,0
2024-10-20T22:00:00,0.25,301.8,19.7,58.5,0
2024-10-20T22:30:00,0.27,270.5,19.5,58.1,0
2024-10-20T23:00:00,0.06,158.7,18.8,59.9,0
2024-10-20T23:30:00,0.3,279.7,17.7,63.9,0
2024-10-21T00:00:00,0,113.7,17.2,65.1,1
2024-10-21T00:30:00,0.16,262.7,17.4,64.1,1
2024-10-21T01:00:00,0.2,293.8,17.1,65,0
2024-10-21T01:30:00,0.41,241.5,16.9,66,0
2024-10-21T02:00:00,0.27,270.5,16.5,68.1,0
2024-10-21T02:30:00,0.11,203.6,16.4,70.7,0
2024-10-21T03:30:00,0.38,225.3,15.9,76.1,1
2024-10-21T04:00:00,0.45,298.2,16.1,76.3,1
2024-10-21T04:30:00,0.45,312.2,15.2,78.8,0
2024-10-21T05:00:00,0.06,132.1,14.7,81.5,1
2024-10-21T05:30:00,0.11,113.7,14.6,83.5,0
2024-10-21T06:00:00,0.27,203.5,15.1,79.7,0
2024-10-21T06:30:00,0.05,144.5,15.3,78.1,1
2024-10-21T07:00:00,0.26,147.2,15.1,80.3,1
2024-10-21T07:30:00,0.43,228,15.7,79.3,1
2024-10-21T08:00:00,0.56,222.1,15.9,78.1,1
2024-10-21T08:30:00,0.2,293.7,15.3,81.1,4
2024-10-21T09:00:00,0.05,324.5,15.5,82.7,31
2024-10-21T09:30:00,0.18,95.2,16.7,79,85
2024-10-21T10:00:00,0.44,359.1,18.4,76.6,110
2024-10-21T10:30:00,0.42,331.6,20.1,69.6,184
2024-10-21T11:00:00,0.57,42.1,21.6,66.6,351
2024-10-21T11:30:00,0.7,145.6,22.6,64.4,147
2024-10-21T12:00:00,0.1,279.6,22.4,65.3,87
2024-10-21T12:30:00,0.39,1.8,22.1,66.9,12
2024-10-21T13:00:00,0.45,5.1,19.1,90.7,18
2024-10-21T13:30:00,0.16,132.2,19,93.1,16
2024-10-21T14:00:00,1.26,31.8,18.1,94,71
2024-10-21T14:30:00,0.34,42.1,18.4,95.5,171
2024-10-21T15:00:00,0.64,352.8,18,95.5,63
2024-10-21T15:30:00,0.84,3.7,17.7,96.1,40
2024-10-21T16:00:00,0.36,282.4,17.9,96.5,41
2024-10-21T16:30:00,0.45,5.2,18,97,119
2024-10-21T17:00:00,1.3,345.6,18.1,97.3,86
2024-10-21T17:30:00,1.01,350.5,18.2,97.4,54
2024-10-21T18:00:00,0.69,325.6,18.1,97.6,63
2024-10-21T18:30:00,0.69,32.6,18.4,97.7,33
2024-10-21T19:00:00,0.21,352.7,18.1,97.5,10
2024-10-21T19:30:00,0.11,6.9,16.8,95.5,7
2024-10-21T20:00:00,0.97,357.1,16.8,94,0
2024-10-21T20:30:00,0.45,5.3,16.9,94.5,0
2024-10-21T21:00:00,0.16,68.7,17,95,0
2024-10-21T21:30:00,0.34,42.1,17.2,95.1,0
2024-10-21T22:00:00,1.49,25,17.4,94.5,0
2024-10-21T22:30:00,0.26,327.3,17.7,94.4,0
2024-10-21T23:00:00,0.37,305.1,18.2,94.1,0
2024-10-21T23:30:00,0.57,333.4,18.3,94.3,0
2024-10-22T00:00:00,0.05,57.2,18.4,94.5,0
2024-10-22T00:30:00,0.27,316.9,18.5,94.7,0
2024-10-22T01:00:00,1.1,330.5,18.6,95.4,0
2024-10-22T01:30:00,1.16,328.3,18.6,96.3,0
2024-10-22T02:00:00,0.38,208.8,18.8,96.7,0
2024-10-22T02:30:00,0.05,5.2,19,96.9,0
2024-10-22T03:30:00,0.42,331.5,19.3,97.5,0
2024-10-22T04:00:00,0.21,82.7,19.6,97.9,0
2024-10-22T04:30:00,0.21,23.7,19.8,98.2,0
2024-10-22T05:00:00,0.56,23.5,19.9,98.6,0
2024-10-22T05:30:00,0.86,35.8,20.3,99.1,1
2024-10-22T06:00:00,0.56,192.3,20.4,99.4,0
2024-10-22T06:30:00,0.3,37.7,20.5,99.6,0
2024-10-22T07:00:00,0.93,254.9,19.6,99.4,0
2024-10-22T07:30:00,0.11,113.8,19.6,99.1,0
2024-10-22T08:00:00,1.67,345.8,18.8,96.8,0
2024-10-22T08:30:00,4.01,300.8,18.2,95.3,1
2024-10-22T09:00:00,2.9,20,18.4,96,15
2024-10-22T09:30:00,0.6,318.7,18.8,96.4,27
2024-10-22T10:00:00,1.01,2.5,19.2,95.2,32
2024-10-22T10:30:00,0.5,314.7,19.6,94.2,57
2024-10-22T11:00:00,0.79,346.2,19.8,93,122
2024-10-22T11:30:00,3.34,312,20.1,87.8,92
2024-10-22T12:00:00,2.89,327.1,20.4,87,210
2024-10-22T12:30:00,0.62,343.3,20.7,87.6,88
2024-10-22T13:00:00,0.16,23.5,21.3,88.5,251
2024-10-22T13:30:00,0.53,349.9,21.8,88,196
2024-10-22T14:00:00,0.98,323.2,21.9,87.3,160
2024-10-22T14:30:00,0.68,306.3,22.3,87.5,233
2024-10-22T15:00:00,0.48,326.2,22.8,87,251
2024-10-22T15:30:00,0.59,349.1,23.2,80.2,137
2024-10-22T16:00:00,0.62,93.3,22.7,84.2,174
2024-10-22T16:30:00,2.02,34.1,23.2,80.8,192
2024-10-22T17:00:00,1.32,304.9,23.3,73.9,177
2024-10-22T17:30:00,0.84,335,23.9,66.6,436
2024-10-22T18:00:00,1.34,293.8,23.7,67.9,77
2024-10-22T18:30:00,0.47,74.9,22.8,67.1,78
2024-10-22T19:00:00,0.48,81.3,22.2,74.4,27
2024-10-22T19:30:00,0.16,203.7,21.8,78.9,2
2024-10-22T20:00:00,0.15,312.1,21.1,82.2,0
2024-10-22T20:30:00,0.16,338.6,20.5,84,0
2024-10-22T21:00:00,0.62,338.5,20.1,87.5,0
2024-10-22T21:30:00,0.39,1.8,19.9,89.2,0
2024-10-22T22:00:00,0.94,258,19.8,89.6,0
2024-10-22T22:30:00,0.3,217.6,19.6,90.3,0
2024-10-22T23:00:00,0.42,308.9,19.7,91.9,0
2024-10-22T23:30:00,0.3,248.7,19.9,92,0
2024-10-23T00:00:00,0.15,352.5,19.7,93.1,1
2024-10-23T00:30:00,0.21,293.7,20,94,0
2024-10-23T01:00:00,0.43,324.6,20.4,94.2,0
2024-10-23T01:30:00,0.23,312.2,20.3,94.4,0
2024-10-23T02:00:00,0.76,310.4,20.5,95.1,0
2024-10-23T02:30:00,0.3,217.7,20.3,95.4,0
2024-10-23T04:00:00,0.16,185.2,20,97.2,0
2024-10-23T04:30:00,0.77,113.8,20.3,97.8,0
2024-10-23T05:00:00,0.11,312.1,20.1,97.4,0
2024-10-23T05:30:00,0.23,185.2,19.9,97.2,0
2024-10-23T06:00:00,0.58,169,19.9,97.1,0
2024-10-23T06:30:00,0.21,352.6,19.8,96.6,0
2024-10-23T07:00:00,0.55,180.5,19.8,95.1,0
2024-10-23T07:30:00,0.27,136.9,19.8,92.3,0
2024-10-23T08:00:00,0.25,248.7,19.5,91.9,0
2024-10-23T08:30:00,0.26,170,19.3,92.4,3
2024-10-23T09:00:00,0.44,179,19.4,92.6,34
2024-10-23T09:30:00,0,195.4,20,90.7,74
2024-10-23T10:00:00,1.02,170.5,21,85.3,197
2024-10-23T10:30:00,0.83,196.3,22.2,78.2,281
2024-10-23T11:00:00,0.31,68.7,23.4,74,377
2024-10-23T11:30:00,1.08,104,24.2,71.5,464
2024-10-23T12:00:00,0.97,8.1,25.6,64.9,644
2024-10-23T12:30:00,0.43,234.6,26.8,58.5,750
2024-10-23T13:00:00,1.54,136.6,28.1,58.1,852
2024-10-23T13:30:00,0.47,62.4,27.8,56.2,328
2024-10-23T14:00:00,0.63,73.4,28.4,59.5,764
2024-10-23T14:30:00,1.43,127.2,27.3,65.5,811
2024-10-23T15:00:00,0.27,170,28.4,59.7,739
2024-10-23T15:30:00,0.5,177,27.5,61.9,608
2024-10-23T16:00:00,0.64,23.5,27.1,62.1,463
2024-10-23T16:30:00,0.71,302.4,27.2,55.5,444
2024-10-23T17:00:00,0.98,277.8,27.3,58.7,370
2024-10-23T17:30:00,0.37,150.2,26.4,61.8,273
2024-10-23T18:00:00,2.41,37.9,25.8,60.4,188
2024-10-23T18:30:00,1.62,55.4,24.9,67.8,106
2024-10-23T19:00:00,0.7,42.1,24.2,72.3,39
2024-10-23T19:30:00,0.72,17.9,23.4,77.8,6
2024-10-23T20:00:00,0.75,12.4,22.9,81.8,0
2024-10-23T20:30:00,0.77,15.6,22.6,84.8,0
2024-10-23T21:00:00,1.23,46.4,22.5,86,1
2024-10-23T21:30:00,0.25,285.6,22.6,87.2,0
2024-10-23T22:00:00,0.58,30.7,22.5,87.6,0
2024-10-23T22:30:00,0.25,68.7,22.5,87.7,0
2024-10-23T23:00:00,0.72,68.7,22.5,88.4,0
2024-10-23T23:30:00,0.21,338.7,22.3,88.9,0
2024-10-24T00:00:00,0.1,237.3,22.3,89.3,0
2024-10-24T00:30:00,0.23,42,22.2,89.8,0
2024-10-24T01:00:00,0.23,132.1,22.1,90.5,0
2024-10-24T01:30:00,0.5,224.7,21.6,91.8,0
2024-10-24T02:00:00,0.33,320.3,21.2,93.1,0
2024-10-24T02:30:00,0.15,23.6,20.9,94,0
2024-10-24T03:00:00,0.16,95.3,20.8,94.6,0
2024-10-24T04:00:00,0.58,148.4,20,94.8,0
2024-10-24T04:30:00,0.3,189.6,19.5,93,0
2024-10-24T05:00:00,0.16,132.1,19.1,91.8,0
2024-10-24T05:30:00,0.27,180.4,18.8,91.6,0
2024-10-24T06:00:00,0.26,169.9,18.5,91.3,0
2024-10-24T06:30:00,0.63,168.1,18.4,91.4,0
2024-10-24T07:00:00,0.21,172.8,18.2,91.3,0
2024-10-24T07:30:00,0.13,68.6,17.8,91.9,1
2024-10-24T08:00:00,0.16,324.7,17.6,92.9,0
2024-10-24T08:30:00,0.2,203.6,17.6,94.5,5